"No.","Time","Source","Destination","Protocol","Length","Info"
"1","0.000000","34:98:b5:69:4d:55","Broadcast","802.11","416","Beacon frame, SN=2800, FN=0, Flags=........, BI=100, SSID=Zer0Trust-5G"
"2","19.324351","90:48:6c:41:18:1a","34:98:b5:69:4d:53","802.11","110","QoS Data, SN=37, FN=0, Flags=.p.....T"
"3","19.470225","34:98:b5:69:4d:55","26:e8:2e:1f:2c:ad","802.11","500","Probe Response, SN=3045, FN=0, Flags=........, BI=100, SSID=Zer0Trust-5G"
"4","19.470958","34:98:b5:69:4d:55","26:e8:2e:1f:2c:ad","802.11","500","Probe Response, SN=3046, FN=0, Flags=........, BI=100, SSID=Zer0Trust-5G"
"5","19.560226","Ubiquiti_76:b3:d5","Spanning-tree-(for-bridges)_00","802.11","145","Data, SN=3048, FN=0, Flags=.p....F."
"6","19.608846","34:98:b5:69:4d:55","26:a2:48:df:fb:9a","802.11","500","Probe Response, SN=3049, FN=0, Flags=........, BI=100, SSID=Zer0Trust-5G"
"7","19.613798","34:98:b5:69:4d:55","26:a2:48:df:fb:9a","802.11","500","Probe Response, SN=3050, FN=0, Flags=........, BI=100, SSID=Zer0Trust-5G"
"8","19.629710","34:98:b5:69:4d:55","IntelCor_84:6b:e2","802.11","500","Probe Response, SN=3051, FN=0, Flags=........, BI=100, SSID=Zer0Trust-5G"
"9","20.052347","Cisco_66:0f:40 (00:a2:ee:66:0f:40) (TA)","3c:e9:f7:b4:b3:97 (3c:e9:f7:b4:b3:97) (RA)","802.11","19","VHT/HE NDP Announcement, Flags=........"
"10","20.223405","Cisco_45:5e:af (00:a2:ee:45:5e:af) (TA)","d4:d8:53:4f:b6:ea (d4:d8:53:4f:b6:ea) (RA)","802.11","19","VHT/HE NDP Announcement, Flags=........"
"11","21.693680","Cisco_4b:6c:0f (00:a2:ee:4b:6c:0f) (TA)","74:04:f1:5a:c0:53 (74:04:f1:5a:c0:53) (RA)","802.11","19","VHT/HE NDP Announcement, Flags=........"
"12","21.746110","Cisco_4b:6c:0f (00:a2:ee:4b:6c:0f) (TA)","38:fc:98:ff:99:c5 (38:fc:98:ff:99:c5) (RA)","802.11","19","VHT/HE NDP Announcement, Flags=........"
"13","22.356937","Cisco_66:0f:4e (00:a2:ee:66:0f:4e) (TA)","4c:d5:77:2c:09:35 (4c:d5:77:2c:09:35) (RA)","802.11","19","VHT/HE NDP Announcement, Flags=........"
"14","22.562965","Cisco_66:0f:4f (00:a2:ee:66:0f:4f) (TA)","04:cf:4b:b9:15:68 (04:cf:4b:b9:15:68) (RA)","802.11","19","VHT/HE NDP Announcement, Flags=........"
"15","22.913423","Cisco_66:0f:4f (00:a2:ee:66:0f:4f) (TA)","IntelCor_4f:5d:99 (04:ed:33:4f:5d:99) (RA)","802.11","19","VHT/HE NDP Announcement, Flags=........"
"16","24.243158","Cisco_4b:74:8f (00:a2:ee:4b:74:8f) (TA)","IntelCor_ab:9f:0f (90:78:41:ab:9f:0f) (RA)","802.11","19","VHT/HE NDP Announcement, Flags=........"
"17","24.276438","Cisco_4b:74:8f (00:a2:ee:4b:74:8f) (TA)","IntelCor_5f:9d:c1 (e4:b3:18:5f:9d:c1) (RA)","802.11","19","VHT/HE NDP Announcement, Flags=........"
"18","24.299149","Cisco_4b:74:8f (00:a2:ee:4b:74:8f) (TA)","IntelCor_ab:b1:43 (90:78:41:ab:b1:43) (RA)","802.11","19","VHT/HE NDP Announcement, Flags=........"
"19","24.303832","Cisco_4b:74:8f (00:a2:ee:4b:74:8f) (TA)","IntelCor_20:76:78 (60:f2:62:20:76:78) (RA)","802.11","19","VHT/HE NDP Announcement, Flags=........"
"20","24.328207","Cisco_4b:74:8f (00:a2:ee:4b:74:8f) (TA)","IntelCor_1a:44:8d (60:f2:62:1a:44:8d) (RA)","802.11","19","VHT/HE NDP Announcement, Flags=........"
"21","25.093328","Cisco_49:9d:2f (00:a2:ee:49:9d:2f) (TA)","IntelCor_21:80:77 (60:f2:62:21:80:77) (RA)","802.11","19","VHT/HE NDP Announcement, Flags=........"
"22","26.096694","Cisco_23:ae:4f (00:6b:f1:23:ae:4f) (TA)","IntelCor_24:f4:a0 (60:f2:62:24:f4:a0) (RA)","802.11","19","VHT/HE NDP Announcement, Flags=........"
"23","27.632695","Ubiquiti_76:b3:d5","Spanning-tree-(for-bridges)_00","802.11","145","Data, SN=3152, FN=0, Flags=.p....F."
"24","64.301190","34:98:b5:69:4d:55","36:c8:2f:54:dc:75","802.11","500","Probe Response, SN=3623, FN=0, Flags=........, BI=100, SSID=Zer0Trust-5G"
"25","64.337081","34:98:b5:69:4d:55","36:c8:2f:54:dc:75","802.11","500","Probe Response, SN=3624, FN=0, Flags=........, BI=100, SSID=Zer0Trust-5G"
"26","76.935339","34:98:b5:69:4d:55","26:e8:2e:1f:2c:ad","802.11","500","Probe Response, SN=3782, FN=0, Flags=........, BI=100, SSID=Zer0Trust-5G"
"27","76.935720","34:98:b5:69:4d:55","26:e8:2e:1f:2c:ad","802.11","500","Probe Response, SN=3783, FN=0, Flags=........, BI=100, SSID=Zer0Trust-5G"
"28","77.955658","Cisco_45:5e:af (00:a2:ee:45:5e:af) (TA)","d4:d8:53:4f:b6:ea (d4:d8:53:4f:b6:ea) (RA)","802.11","19","VHT/HE NDP Announcement, Flags=........"
"29","79.430007","Cisco_4b:6c:0f (00:a2:ee:4b:6c:0f) (TA)","74:04:f1:5a:c0:53 (74:04:f1:5a:c0:53) (RA)","802.11","19","VHT/HE NDP Announcement, Flags=........"
"30","79.519456","Cisco_4b:6c:0f (00:a2:ee:4b:6c:0f) (TA)","38:fc:98:ff:99:c5 (38:fc:98:ff:99:c5) (RA)","802.11","19","VHT/HE NDP Announcement, Flags=........"
"31","79.657710","Cisco_66:0f:4f (00:a2:ee:66:0f:4f) (TA)","04:cf:4b:b9:15:68 (04:cf:4b:b9:15:68) (RA)","802.11","19","VHT/HE NDP Announcement, Flags=........"
"32","80.018986","Cisco_66:0f:4f (00:a2:ee:66:0f:4f) (TA)","IntelCor_4f:5d:99 (04:ed:33:4f:5d:99) (RA)","802.11","19","VHT/HE NDP Announcement, Flags=........"
"33","80.169688","Cisco_66:0f:4e (00:a2:ee:66:0f:4e) (TA)","4c:d5:77:2c:09:35 (4c:d5:77:2c:09:35) (RA)","802.11","19","VHT/HE NDP Announcement, Flags=........"
"34","82.014136","Cisco_4b:74:8f (00:a2:ee:4b:74:8f) (TA)","IntelCor_ab:9f:0f (90:78:41:ab:9f:0f) (RA)","802.11","19","VHT/HE NDP Announcement, Flags=........"
"35","82.089746","Cisco_4b:74:8f (00:a2:ee:4b:74:8f) (TA)","IntelCor_5f:9d:c1 (e4:b3:18:5f:9d:c1) (RA)","802.11","19","VHT/HE NDP Announcement, Flags=........"
"36","82.090012","Cisco_4b:74:8f (00:a2:ee:4b:74:8f) (TA)","IntelCor_ab:b1:43 (90:78:41:ab:b1:43) (RA)","802.11","19","VHT/HE NDP Announcement, Flags=........"
"37","82.090246","Cisco_4b:74:8f (00:a2:ee:4b:74:8f) (TA)","IntelCor_20:76:78 (60:f2:62:20:76:78) (RA)","802.11","19","VHT/HE NDP Announcement, Flags=........"
"38","82.090478","Cisco_4b:74:8f (00:a2:ee:4b:74:8f) (TA)","IntelCor_1a:44:8d (60:f2:62:1a:44:8d) (RA)","802.11","19","VHT/HE NDP Announcement, Flags=........"
"39","82.861119","Cisco_49:9d:2f (00:a2:ee:49:9d:2f) (TA)","IntelCor_21:80:77 (60:f2:62:21:80:77) (RA)","802.11","19","VHT/HE NDP Announcement, Flags=........"
"40","83.770885","Cisco_23:ae:4f (00:6b:f1:23:ae:4f) (TA)","IntelCor_24:f4:a0 (60:f2:62:24:f4:a0) (RA)","802.11","19","VHT/HE NDP Announcement, Flags=........"
"41","85.493701","34:98:b5:69:4d:53","90:48:6c:41:18:1a","802.11","135","QoS Data, SN=18, FN=0, Flags=.p....F."
"42","85.516359","46:89:46:89:1f:03","34:98:b5:69:4d:55","802.11","26","QoS Null function (No data), SN=100, FN=0, Flags=.......T"
"43","85.516668","34:98:b5:69:4d:55","46:89:46:89:1f:03","802.11","26","QoS Null function (No data), SN=298, FN=0, Flags=......F."
"44","85.522728","46:89:46:89:1f:03","34:98:b5:69:4d:55","802.11","26","QoS Null function (No data), SN=101, FN=0, Flags=...P...T"
"45","85.590728","Ubiquiti_76:b3:d5","Spanning-tree-(for-bridges)_00","802.11","145","Data, SN=300, FN=0, Flags=.pm...F."
"46","85.591131","Cisco_0f:2b:23","IPv4mcast_fb","802.11","393","Data, SN=301, FN=0, Flags=.p....F."
"47","87.537913","34:98:b5:69:4d:55","90:48:6c:41:18:1a","802.11","33","Action, SN=326, FN=0, Flags=........"
"48","87.538125","90:48:6c:41:18:1a","34:98:b5:69:4d:55","802.11","33","Action, SN=60, FN=0, Flags=........"
"49","130.222358","34:98:b5:69:4d:55 (34:98:b5:69:4d:55) (TA)","46:89:46:89:1f:03 (46:89:46:89:1f:03) (RA)","802.11","19","VHT/HE NDP Announcement, Flags=........"
"50","148.988221","34:98:b5:69:4d:55","90:48:6c:41:18:1a","802.11","33","Action, SN=1146, FN=0, Flags=........"
"51","148.988696","90:48:6c:41:18:1a","34:98:b5:69:4d:55","802.11","33","Action, SN=61, FN=0, Flags=........"
"52","149.704962","90:48:6c:41:18:1a","34:98:b5:69:4d:55","802.11","26","Disassociate, SN=63, FN=0, Flags=........"
"53","149.810175","90:48:6c:41:18:1a","34:98:b5:69:4d:55","802.11","26","Deauthentication, SN=64, FN=0, Flags=........"
"54","149.810560","90:48:6c:41:18:1a","34:98:b5:69:4d:55","802.11","26","Deauthentication, SN=64, FN=0, Flags=....R..."
"55","153.174439","90:48:6c:41:18:1a","34:98:b5:69:4d:55","802.11","76","Probe Request, SN=52, FN=0, Flags=........, SSID=Zer0Trust-5G"
"56","153.178846","90:48:6c:41:18:1a","34:98:b5:69:4d:55","802.11","30","Authentication, SN=53, FN=0, Flags=........"
"57","153.180965","34:98:b5:69:4d:55","90:48:6c:41:18:1a","802.11","41","Authentication, SN=1210, FN=0, Flags=........"
"58","153.202020","90:48:6c:41:18:1a","34:98:b5:69:4d:55","802.11","130","Association Request, SN=54, FN=0, Flags=........, SSID=Zer0Trust-5G"
"59","153.202388","90:48:6c:41:18:1a","34:98:b5:69:4d:55","802.11","130","Association Request, SN=54, FN=0, Flags=....R..., SSID=Zer0Trust-5G"
"60","153.316726","34:98:b5:69:4d:55","90:48:6c:41:18:1a","802.11","183","Association Response, SN=1211, FN=0, Flags=........"
"61","153.421045","34:98:b5:69:4d:55","90:48:6c:41:18:1a","802.11","33","Action, SN=1212, FN=0, Flags=........"
"62","153.421224","90:48:6c:41:18:1a","34:98:b5:69:4d:55","802.11","33","Action, SN=55, FN=0, Flags=........"
"63","153.421453","34:98:b5:69:4d:55 (34:98:b5:69:4d:55) (TA)","90:48:6c:41:18:1a (90:48:6c:41:18:1a) (RA)","802.11","20","802.11 Block Ack Req, Flags=........"
"64","153.525581","90:48:6c:41:18:1a","34:98:b5:69:4d:55","802.11","33","Action, SN=56, FN=0, Flags=........"
"65","153.525908","34:98:b5:69:4d:55","90:48:6c:41:18:1a","802.11","33","Action, SN=1213, FN=0, Flags=........"
"66","163.261392","34:98:b5:69:4d:53 (34:98:b5:69:4d:53) (TA)","fc:9c:98:27:a2:15 (fc:9c:98:27:a2:15) (RA)","802.11","20","802.11 Block Ack Req, Flags=........"
"67","166.523413","34:98:b5:69:4d:55","26:e8:2e:1f:2c:ad","802.11","500","Probe Response, SN=1397, FN=0, Flags=........, BI=100, SSID=Zer0Trust-5G"
"68","166.523624","34:98:b5:69:4d:55","26:e8:2e:1f:2c:ad","802.11","500","Probe Response, SN=1398, FN=0, Flags=........, BI=100, SSID=Zer0Trust-5G"
"69","167.363868","Cisco_45:5e:af (00:a2:ee:45:5e:af) (TA)","d4:d8:53:4f:b6:ea (d4:d8:53:4f:b6:ea) (RA)","802.11","19","VHT/HE NDP Announcement, Flags=........"
"70","167.553717","Cisco_66:0f:40 (00:a2:ee:66:0f:40) (TA)","3c:e9:f7:b4:b3:97 (3c:e9:f7:b4:b3:97) (RA)","802.11","19","VHT/HE NDP Announcement, Flags=........"
"71","168.763319","Cisco_4b:6c:0f (00:a2:ee:4b:6c:0f) (TA)","74:04:f1:5a:c0:53 (74:04:f1:5a:c0:53) (RA)","802.11","19","VHT/HE NDP Announcement, Flags=........"
"72","168.863029","Cisco_4b:6c:0f (00:a2:ee:4b:6c:0f) (TA)","38:fc:98:ff:99:c5 (38:fc:98:ff:99:c5) (RA)","802.11","19","VHT/HE NDP Announcement, Flags=........"
"73","169.365651","Cisco_66:0f:4f (00:a2:ee:66:0f:4f) (TA)","IntelCor_4f:5d:99 (04:ed:33:4f:5d:99) (RA)","802.11","19","VHT/HE NDP Announcement, Flags=........"
"74","169.514560","Cisco_66:0f:4e (00:a2:ee:66:0f:4e) (TA)","4c:d5:77:2c:09:35 (4c:d5:77:2c:09:35) (RA)","802.11","19","VHT/HE NDP Announcement, Flags=........"
"75","169.790073","Cisco_66:0f:4f (00:a2:ee:66:0f:4f) (TA)","04:cf:4b:b9:15:68 (04:cf:4b:b9:15:68) (RA)","802.11","19","VHT/HE NDP Announcement, Flags=........"
"76","170.525709","Cisco_10:a5:4f (00:6b:f1:10:a5:4f) (TA)","3c:e9:f7:b4:be:cd (3c:e9:f7:b4:be:cd) (RA)","802.11","19","VHT/HE NDP Announcement, Flags=........"
"77","171.359982","Cisco_4b:74:8f (00:a2:ee:4b:74:8f) (TA)","IntelCor_ab:9f:0f (90:78:41:ab:9f:0f) (RA)","802.11","19","VHT/HE NDP Announcement, Flags=........"
"78","171.389073","Cisco_4b:74:8f (00:a2:ee:4b:74:8f) (TA)","IntelCor_5f:9d:c1 (e4:b3:18:5f:9d:c1) (RA)","802.11","19","VHT/HE NDP Announcement, Flags=........"
"79","171.411587","Cisco_4b:74:8f (00:a2:ee:4b:74:8f) (TA)","IntelCor_ab:b1:43 (90:78:41:ab:b1:43) (RA)","802.11","19","VHT/HE NDP Announcement, Flags=........"
"80","171.416666","Cisco_4b:74:8f (00:a2:ee:4b:74:8f) (TA)","IntelCor_20:76:78 (60:f2:62:20:76:78) (RA)","802.11","19","VHT/HE NDP Announcement, Flags=........"
"81","171.442046","Cisco_4b:74:8f (00:a2:ee:4b:74:8f) (TA)","IntelCor_1a:44:8d (60:f2:62:1a:44:8d) (RA)","802.11","19","VHT/HE NDP Announcement, Flags=........"
"82","172.059198","Cisco_4b:74:8f (00:a2:ee:4b:74:8f) (TA)","IntelCor_ab:9f:0f (90:78:41:ab:9f:0f) (RA)","802.11","19","VHT/HE NDP Announcement, Flags=........"
"83","172.133386","Cisco_49:9d:2f (00:a2:ee:49:9d:2f) (TA)","IntelCor_21:80:77 (60:f2:62:21:80:77) (RA)","802.11","19","VHT/HE NDP Announcement, Flags=........"
"84","173.716679","Cisco_23:ae:4f (00:6b:f1:23:ae:4f) (TA)","IntelCor_24:f4:a0 (60:f2:62:24:f4:a0) (RA)","802.11","19","VHT/HE NDP Announcement, Flags=........"
"85","174.171164","Swanncom_af:5b:e4","Broadcast","802.11","94","Data, SN=1500, FN=0, Flags=.p....F."
"86","174.911223","34:98:b5:69:4d:55","IntelCor_4c:21:6f","802.11","500","Probe Response, SN=1507, FN=0, Flags=........, BI=100, SSID=Zer0Trust-5G"
"87","220.645205","34:98:b5:69:4d:55","90:48:6c:41:18:1a","802.11","33","Action, SN=2089, FN=0, Flags=........"
"88","220.645597","90:48:6c:41:18:1a","34:98:b5:69:4d:55","802.11","33","Action, SN=58, FN=0, Flags=........"
"89","233.707352","90:48:6c:41:18:1a","34:98:b5:69:4d:55","802.11","26","Disassociate, SN=60, FN=0, Flags=........"
"90","233.735548","90:48:6c:41:18:1a","34:98:b5:69:4d:55","802.11","26","Deauthentication, SN=61, FN=0, Flags=........"
"91","287.340140","34:98:b5:69:4d:55","82:9b:1b:e1:5d:cf","802.11","500","Probe Response, SN=2947, FN=0, Flags=........, BI=100, SSID=Zer0Trust-5G"
"92","287.340380","34:98:b5:69:4d:55","82:9b:1b:e1:5d:cf","802.11","500","Probe Response, SN=2948, FN=0, Flags=........, BI=100, SSID=Zer0Trust-5G"
"93","287.690589","Cisco_66:0f:40 (00:a2:ee:66:0f:40) (TA)","3c:e9:f7:b4:b3:97 (3c:e9:f7:b4:b3:97) (RA)","802.11","19","VHT/HE NDP Announcement, Flags=........"
"94","288.992842","Cisco_4b:6c:0f (00:a2:ee:4b:6c:0f) (TA)","74:04:f1:5a:c0:53 (74:04:f1:5a:c0:53) (RA)","802.11","19","VHT/HE NDP Announcement, Flags=........"
"95","289.116436","Cisco_66:0f:4e (00:a2:ee:66:0f:4e) (TA)","4c:d5:77:2c:09:35 (4c:d5:77:2c:09:35) (RA)","802.11","19","VHT/HE NDP Announcement, Flags=........"
"96","289.317575","Cisco_66:0f:4f (00:a2:ee:66:0f:4f) (TA)","04:cf:4b:b9:15:68 (04:cf:4b:b9:15:68) (RA)","802.11","19","VHT/HE NDP Announcement, Flags=........"
"97","291.023353","Cisco_4b:74:8f (00:a2:ee:4b:74:8f) (TA)","IntelCor_ab:9f:0f (90:78:41:ab:9f:0f) (RA)","802.11","19","VHT/HE NDP Announcement, Flags=........"
"98","291.046062","Cisco_4b:74:8f (00:a2:ee:4b:74:8f) (TA)","IntelCor_5f:9d:c1 (e4:b3:18:5f:9d:c1) (RA)","802.11","19","VHT/HE NDP Announcement, Flags=........"
"99","291.070345","Cisco_4b:74:8f (00:a2:ee:4b:74:8f) (TA)","IntelCor_ab:b1:43 (90:78:41:ab:b1:43) (RA)","802.11","19","VHT/HE NDP Announcement, Flags=........"
"100","291.076061","Cisco_4b:74:8f (00:a2:ee:4b:74:8f) (TA)","IntelCor_20:76:78 (60:f2:62:20:76:78) (RA)","802.11","19","VHT/HE NDP Announcement, Flags=........"
"101","291.098754","Cisco_4b:74:8f (00:a2:ee:4b:74:8f) (TA)","IntelCor_1a:44:8d (60:f2:62:1a:44:8d) (RA)","802.11","19","VHT/HE NDP Announcement, Flags=........"
"102","291.801526","Cisco_23:ae:4f (00:6b:f1:23:ae:4f) (TA)","IntelCor_24:f4:a0 (60:f2:62:24:f4:a0) (RA)","802.11","19","VHT/HE NDP Announcement, Flags=........"
"103","292.676854","34:98:b5:69:4d:55","Raspberr_39:9b:a4","802.11","500","Probe Response, SN=3012, FN=0, Flags=........, BI=100, SSID=Zer0Trust-5G"
"104","292.682875","34:98:b5:69:4d:55","Raspberr_39:9b:a4","802.11","500","Probe Response, SN=3013, FN=0, Flags=........, BI=100, SSID=Zer0Trust-5G"
"105","293.058728","Swanncom_af:5b:e4","Broadcast","802.11","94","Data, SN=3018, FN=0, Flags=.p....F."
"106","293.153171","34:98:b5:69:4d:55","IntelCor_43:fb:98","802.11","500","Probe Response, SN=3019, FN=0, Flags=........, BI=100, SSID=Zer0Trust-5G"
"107","298.710457","Cisco_49:9c:ce (00:a2:ee:49:9c:ce) (TA)","6e:3c:50:4f:01:ba (6e:3c:50:4f:01:ba) (RA)","802.11","19","VHT/HE NDP Announcement, Flags=........"
"108","299.313651","Cisco_4b:6c:0f (00:a2:ee:4b:6c:0f) (TA)","74:04:f1:5a:c0:53 (74:04:f1:5a:c0:53) (RA)","802.11","19","VHT/HE NDP Announcement, Flags=........"
"109","299.410794","Cisco_66:0f:4e (00:a2:ee:66:0f:4e) (TA)","4c:d5:77:2c:09:35 (4c:d5:77:2c:09:35) (RA)","802.11","19","VHT/HE NDP Announcement, Flags=........"
"110","299.607215","Cisco_66:0f:4f (00:a2:ee:66:0f:4f) (TA)","04:cf:4b:b9:15:68 (04:cf:4b:b9:15:68) (RA)","802.11","19","VHT/HE NDP Announcement, Flags=........"
"111","300.629428","Cisco_4b:74:8f (00:a2:ee:4b:74:8f) (TA)","IntelCor_ab:9f:0f (90:78:41:ab:9f:0f) (RA)","802.11","19","VHT/HE NDP Announcement, Flags=........"
"112","300.660811","Cisco_4b:74:8f (00:a2:ee:4b:74:8f) (TA)","IntelCor_5f:9d:c1 (e4:b3:18:5f:9d:c1) (RA)","802.11","19","VHT/HE NDP Announcement, Flags=........"
"113","300.685155","Cisco_4b:74:8f (00:a2:ee:4b:74:8f) (TA)","IntelCor_ab:b1:43 (90:78:41:ab:b1:43) (RA)","802.11","19","VHT/HE NDP Announcement, Flags=........"
"114","300.689832","Cisco_4b:74:8f (00:a2:ee:4b:74:8f) (TA)","IntelCor_20:76:78 (60:f2:62:20:76:78) (RA)","802.11","19","VHT/HE NDP Announcement, Flags=........"
"115","300.716036","Cisco_4b:74:8f (00:a2:ee:4b:74:8f) (TA)","IntelCor_1a:44:8d (60:f2:62:1a:44:8d) (RA)","802.11","19","VHT/HE NDP Announcement, Flags=........"
"116","307.640677","Cisco_4b:6c:0f (00:a2:ee:4b:6c:0f) (TA)","38:fc:98:ff:99:c5 (38:fc:98:ff:99:c5) (RA)","802.11","19","VHT/HE NDP Announcement, Flags=........"
"117","308.218208","Cisco_66:0f:4f (00:a2:ee:66:0f:4f) (TA)","IntelCor_4f:5d:99 (04:ed:33:4f:5d:99) (RA)","802.11","19","VHT/HE NDP Announcement, Flags=........"
"118","308.879010","Cisco_4b:74:8f (00:a2:ee:4b:74:8f) (TA)","IntelCor_ab:9f:0f (90:78:41:ab:9f:0f) (RA)","802.11","19","VHT/HE NDP Announcement, Flags=........"
"119","308.911380","Cisco_4b:74:8f (00:a2:ee:4b:74:8f) (TA)","IntelCor_5f:9d:c1 (e4:b3:18:5f:9d:c1) (RA)","802.11","19","VHT/HE NDP Announcement, Flags=........"
"120","308.933267","Cisco_4b:74:8f (00:a2:ee:4b:74:8f) (TA)","IntelCor_ab:b1:43 (90:78:41:ab:b1:43) (RA)","802.11","19","VHT/HE NDP Announcement, Flags=........"
"121","308.936100","Cisco_4b:74:8f (00:a2:ee:4b:74:8f) (TA)","IntelCor_20:76:78 (60:f2:62:20:76:78) (RA)","802.11","19","VHT/HE NDP Announcement, Flags=........"
"122","308.962950","Cisco_4b:74:8f (00:a2:ee:4b:74:8f) (TA)","IntelCor_1a:44:8d (60:f2:62:1a:44:8d) (RA)","802.11","19","VHT/HE NDP Announcement, Flags=........"
"123","309.659905","Cisco_23:ae:4f (00:6b:f1:23:ae:4f) (TA)","IntelCor_24:f4:a0 (60:f2:62:24:f4:a0) (RA)","802.11","19","VHT/HE NDP Announcement, Flags=........"
"124","310.670560","Cisco_0f:2b:23","IPv4mcast_fb","802.11","393","Data, SN=3233, FN=0, Flags=.p....F."
"125","310.786801","46:89:46:89:1f:03","34:98:b5:69:4d:55","802.11","26","QoS Null function (No data), SN=130, FN=0, Flags=.......T"
"126","310.787008","34:98:b5:69:4d:55","46:89:46:89:1f:03","802.11","26","QoS Null function (No data), SN=3235, FN=0, Flags=......F."
"127","310.803993","46:89:46:89:1f:03","34:98:b5:69:4d:55","802.11","26","QoS Null function (No data), SN=131, FN=0, Flags=...P...T"
"128","310.871919","34:98:b5:69:4d:55","3e:3d:fc:49:c4:1d","802.11","500","Probe Response, SN=3236, FN=0, Flags=........, BI=100, SSID=Zer0Trust-5G"
"129","316.468011","Cisco_66:0f:4f (00:a2:ee:66:0f:4f) (TA)","IntelCor_4f:5d:99 (04:ed:33:4f:5d:99) (RA)","802.11","19","VHT/HE NDP Announcement, Flags=........"
"130","316.615119","Cisco_66:0f:4e (00:a2:ee:66:0f:4e) (TA)","4c:d5:77:2c:09:35 (4c:d5:77:2c:09:35) (RA)","802.11","19","VHT/HE NDP Announcement, Flags=........"
"131","317.808246","Cisco_4b:74:8f (00:a2:ee:4b:74:8f) (TA)","IntelCor_ab:9f:0f (90:78:41:ab:9f:0f) (RA)","802.11","19","VHT/HE NDP Announcement, Flags=........"
"132","317.846079","Cisco_4b:74:8f (00:a2:ee:4b:74:8f) (TA)","IntelCor_5f:9d:c1 (e4:b3:18:5f:9d:c1) (RA)","802.11","19","VHT/HE NDP Announcement, Flags=........"
"133","317.870011","Cisco_4b:74:8f (00:a2:ee:4b:74:8f) (TA)","IntelCor_20:76:78 (60:f2:62:20:76:78) (RA)","802.11","19","VHT/HE NDP Announcement, Flags=........"
"134","317.892928","Cisco_4b:74:8f (00:a2:ee:4b:74:8f) (TA)","IntelCor_1a:44:8d (60:f2:62:1a:44:8d) (RA)","802.11","19","VHT/HE NDP Announcement, Flags=........"
"135","318.579591","Cisco_23:ae:4f (00:6b:f1:23:ae:4f) (TA)","IntelCor_24:f4:a0 (60:f2:62:24:f4:a0) (RA)","802.11","19","VHT/HE NDP Announcement, Flags=........"
"136","319.384235","Swanncom_af:5b:e4","Broadcast","802.11","94","Data, SN=3338, FN=0, Flags=.p....F."
"137","319.579623","Ubiquiti_76:b3:d5","Spanning-tree-(for-bridges)_00","802.11","145","Data, SN=3341, FN=0, Flags=.p....F."
"138","325.618506","Ubiquiti_76:b3:d5","Spanning-tree-(for-bridges)_00","802.11","145","Data, SN=3418, FN=0, Flags=.pm...F."
"139","325.618853","Cisco_0f:2b:23","IPv4mcast_fb","802.11","393","Data, SN=3419, FN=0, Flags=.p....F."
"140","326.164960","Cisco_66:0f:40 (00:a2:ee:66:0f:40) (TA)","3c:e9:f7:b4:b3:97 (3c:e9:f7:b4:b3:97) (RA)","802.11","19","VHT/HE NDP Announcement, Flags=........"
"141","327.509541","Cisco_4b:6c:0f (00:a2:ee:4b:6c:0f) (TA)","74:04:f1:5a:c0:53 (74:04:f1:5a:c0:53) (RA)","802.11","19","VHT/HE NDP Announcement, Flags=........"
"142","327.596183","Cisco_4b:6c:0f (00:a2:ee:4b:6c:0f) (TA)","38:fc:98:ff:99:c5 (38:fc:98:ff:99:c5) (RA)","802.11","19","VHT/HE NDP Announcement, Flags=........"
"143","327.790654","Cisco_66:0f:4f (00:a2:ee:66:0f:4f) (TA)","04:cf:4b:b9:15:68 (04:cf:4b:b9:15:68) (RA)","802.11","19","VHT/HE NDP Announcement, Flags=........"
"144","328.163163","Cisco_66:0f:4f (00:a2:ee:66:0f:4f) (TA)","IntelCor_4f:5d:99 (04:ed:33:4f:5d:99) (RA)","802.11","19","VHT/HE NDP Announcement, Flags=........"
"145","329.543823","Cisco_4b:74:8f (00:a2:ee:4b:74:8f) (TA)","IntelCor_5f:9d:c1 (e4:b3:18:5f:9d:c1) (RA)","802.11","19","VHT/HE NDP Announcement, Flags=........"
"146","329.615539","Cisco_4b:74:8f (00:a2:ee:4b:74:8f) (TA)","IntelCor_ab:b1:43 (90:78:41:ab:b1:43) (RA)","802.11","19","VHT/HE NDP Announcement, Flags=........"
"147","329.615728","Cisco_4b:74:8f (00:a2:ee:4b:74:8f) (TA)","IntelCor_20:76:78 (60:f2:62:20:76:78) (RA)","802.11","19","VHT/HE NDP Announcement, Flags=........"
"148","329.631327","Cisco_4b:74:8f (00:a2:ee:4b:74:8f) (TA)","IntelCor_1a:44:8d (60:f2:62:1a:44:8d) (RA)","802.11","19","VHT/HE NDP Announcement, Flags=........"
"149","331.268491","46:89:46:89:1f:03","34:98:b5:69:4d:55","802.11","26","QoS Null function (No data), SN=132, FN=0, Flags=.......T"
"150","331.268725","34:98:b5:69:4d:55","46:89:46:89:1f:03","802.11","26","QoS Null function (No data), SN=3499, FN=0, Flags=......F."
"151","331.285190","46:89:46:89:1f:03","34:98:b5:69:4d:55","802.11","26","QoS Null function (No data), SN=133, FN=0, Flags=...P...T"
"152","331.557181","Ubiquiti_76:b3:d5","Spanning-tree-(for-bridges)_00","802.11","145","Data, SN=3503, FN=0, Flags=.p....F."
"153","331.659131","Swanncom_af:5b:e4","Broadcast","802.11","94","Data, SN=3505, FN=0, Flags=.p....F."
"154","336.779721","Swanncom_af:5b:e4","Broadcast","802.11","94","Data, SN=3567, FN=0, Flags=.p....F."
"155","338.506488","Cisco_4b:6c:0f (00:a2:ee:4b:6c:0f) (TA)","74:04:f1:5a:c0:53 (74:04:f1:5a:c0:53) (RA)","802.11","19","VHT/HE NDP Announcement, Flags=........"
"156","338.577572","Cisco_4b:6c:0f (00:a2:ee:4b:6c:0f) (TA)","38:fc:98:ff:99:c5 (38:fc:98:ff:99:c5) (RA)","802.11","19","VHT/HE NDP Announcement, Flags=........"
"157","338.604043","Cisco_66:0f:4e (00:a2:ee:66:0f:4e) (TA)","4c:d5:77:2c:09:35 (4c:d5:77:2c:09:35) (RA)","802.11","19","VHT/HE NDP Announcement, Flags=........"
"158","338.801590","Cisco_66:0f:4f (00:a2:ee:66:0f:4f) (TA)","04:cf:4b:b9:15:68 (04:cf:4b:b9:15:68) (RA)","802.11","19","VHT/HE NDP Announcement, Flags=........"
"159","340.472175","Cisco_49:9d:2f (00:a2:ee:49:9d:2f) (TA)","IntelCor_21:80:77 (60:f2:62:21:80:77) (RA)","802.11","19","VHT/HE NDP Announcement, Flags=........"
"160","341.232791","Cisco_23:ae:4f (00:6b:f1:23:ae:4f) (TA)","IntelCor_24:f4:a0 (60:f2:62:24:f4:a0) (RA)","802.11","19","VHT/HE NDP Announcement, Flags=........"
"161","348.103558","90:48:6c:41:18:1a","Broadcast","802.11","378","QoS Data, SN=2, FN=0, Flags=.p.....T"
"162","348.152308","90:48:6c:41:18:1a","Broadcast","802.11","376","Data, SN=3709, FN=0, Flags=.pm...F."
"163","348.163186","34:98:b5:69:4d:53","Broadcast","802.11","376","Data, SN=3710, FN=0, Flags=.p....F."
"164","348.171464","90:48:6c:41:18:1a","Broadcast","802.11","626","QoS Data, SN=3, FN=0, Flags=.p.....T"
"165","348.249519","90:48:6c:41:18:1a","Broadcast","802.11","624","Data, SN=3712, FN=0, Flags=.p....F."
"166","348.382419","34:98:b5:69:4d:53","Broadcast","802.11","376","Data, SN=3714, FN=0, Flags=.p....F."
"167","348.438257","90:48:6c:41:18:1a","Broadcast","802.11","78","QoS Data, SN=4, FN=0, Flags=.p.....T"
"168","348.438414","34:98:b5:69:4d:53","90:48:6c:41:18:1a","802.11","78","QoS Data, SN=0, FN=0, Flags=.p....F."
"169","348.446750","90:48:6c:41:18:1a","34:98:b5:69:4d:53","802.11","110","QoS Data, SN=5, FN=0, Flags=.p.....T"
"170","348.461058","90:48:6c:41:18:1a","Broadcast","802.11","76","Data, SN=3716, FN=0, Flags=.p....F."
"171","349.517542","Cisco_4b:6c:0f (00:a2:ee:4b:6c:0f) (TA)","74:04:f1:5a:c0:53 (74:04:f1:5a:c0:53) (RA)","802.11","19","VHT/HE NDP Announcement, Flags=........"
"172","349.594667","Cisco_4b:6c:0f (00:a2:ee:4b:6c:0f) (TA)","38:fc:98:ff:99:c5 (38:fc:98:ff:99:c5) (RA)","802.11","19","VHT/HE NDP Announcement, Flags=........"
"173","349.789768","Cisco_66:0f:4f (00:a2:ee:66:0f:4f) (TA)","04:cf:4b:b9:15:68 (04:cf:4b:b9:15:68) (RA)","802.11","19","VHT/HE NDP Announcement, Flags=........"
"174","350.146726","Cisco_66:0f:4f (00:a2:ee:66:0f:4f) (TA)","IntelCor_4f:5d:99 (04:ed:33:4f:5d:99) (RA)","802.11","19","VHT/HE NDP Announcement, Flags=........"
"175","351.477927","Cisco_49:9d:2f (00:a2:ee:49:9d:2f) (TA)","IntelCor_21:80:77 (60:f2:62:21:80:77) (RA)","802.11","19","VHT/HE NDP Announcement, Flags=........"
"176","352.256029","Cisco_23:ae:4f (00:6b:f1:23:ae:4f) (TA)","IntelCor_24:f4:a0 (60:f2:62:24:f4:a0) (RA)","802.11","19","VHT/HE NDP Announcement, Flags=........"
"177","353.175973","34:98:b5:69:4d:55","IntelCor_43:fb:98","802.11","500","Probe Response, SN=3779, FN=0, Flags=........, BI=100, SSID=Zer0Trust-5G"
"178","353.372724","34:98:b5:69:4d:55","IntelCor_4c:21:6f","802.11","500","Probe Response, SN=3781, FN=0, Flags=........, BI=100, SSID=Zer0Trust-5G"
"179","353.476975","Swanncom_af:5b:e4","Broadcast","802.11","94","Data, SN=3784, FN=0, Flags=.p....F."
"180","353.526057","34:98:b5:69:4d:55","90:48:6c:41:18:1a","802.11","33","Action, SN=3785, FN=0, Flags=........"
"181","353.526266","34:98:b5:69:4d:53","90:48:6c:41:18:1a","802.11","138","QoS Data, SN=0, FN=0, Flags=.p....F."
"182","353.526445","90:48:6c:41:18:1a","34:98:b5:69:4d:55","802.11","33","Action, SN=57, FN=0, Flags=........"
"183","363.856236","Cisco_45:5e:af (00:a2:ee:45:5e:af) (TA)","d4:d8:53:4f:b6:ea (d4:d8:53:4f:b6:ea) (RA)","802.11","19","VHT/HE NDP Announcement, Flags=........"
"184","363.933794","Cisco_66:0f:40 (00:a2:ee:66:0f:40) (TA)","3c:e9:f7:b4:b3:97 (3c:e9:f7:b4:b3:97) (RA)","802.11","19","VHT/HE NDP Announcement, Flags=........"
"185","364.711486","Cisco_4b:6c:0f (00:a2:ee:4b:6c:0f) (TA)","38:fc:98:ff:99:c5 (38:fc:98:ff:99:c5) (RA)","802.11","19","VHT/HE NDP Announcement, Flags=........"
"186","365.253117","Cisco_66:0f:4f (00:a2:ee:66:0f:4f) (TA)","IntelCor_4f:5d:99 (04:ed:33:4f:5d:99) (RA)","802.11","19","VHT/HE NDP Announcement, Flags=........"
"187","365.459537","Cisco_66:0f:4e (00:a2:ee:66:0f:4e) (TA)","4c:d5:77:2c:09:35 (4c:d5:77:2c:09:35) (RA)","802.11","19","VHT/HE NDP Announcement, Flags=........"
"188","365.619485","Cisco_66:0f:4f (00:a2:ee:66:0f:4f) (TA)","04:cf:4b:b9:15:68 (04:cf:4b:b9:15:68) (RA)","802.11","19","VHT/HE NDP Announcement, Flags=........"
"189","367.320244","Cisco_4b:74:8f (00:a2:ee:4b:74:8f) (TA)","IntelCor_ab:9f:0f (90:78:41:ab:9f:0f) (RA)","802.11","19","VHT/HE NDP Announcement, Flags=........"
"190","367.353285","Cisco_4b:74:8f (00:a2:ee:4b:74:8f) (TA)","IntelCor_5f:9d:c1 (e4:b3:18:5f:9d:c1) (RA)","802.11","19","VHT/HE NDP Announcement, Flags=........"
"191","367.434012","Cisco_4b:74:8f (00:a2:ee:4b:74:8f) (TA)","IntelCor_ab:b1:43 (90:78:41:ab:b1:43) (RA)","802.11","19","VHT/HE NDP Announcement, Flags=........"
"192","367.547371","Cisco_4b:74:8f (00:a2:ee:4b:74:8f) (TA)","IntelCor_20:76:78 (60:f2:62:20:76:78) (RA)","802.11","19","VHT/HE NDP Announcement, Flags=........"
"193","367.547647","Cisco_4b:74:8f (00:a2:ee:4b:74:8f) (TA)","IntelCor_1a:44:8d (60:f2:62:1a:44:8d) (RA)","802.11","19","VHT/HE NDP Announcement, Flags=........"
"194","368.010831","Cisco_49:9d:2f (00:a2:ee:49:9d:2f) (TA)","IntelCor_21:80:77 (60:f2:62:21:80:77) (RA)","802.11","19","VHT/HE NDP Announcement, Flags=........"
"195","369.398471","Cisco_23:ae:4f (00:6b:f1:23:ae:4f) (TA)","IntelCor_24:f4:a0 (60:f2:62:24:f4:a0) (RA)","802.11","19","VHT/HE NDP Announcement, Flags=........"
"196","370.162179","Swanncom_af:5b:e4","Broadcast","802.11","94","Data, SN=3991, FN=0, Flags=.p....F."
"197","370.238224","34:98:b5:69:4d:55","0a:04:1e:51:52:6f","802.11","500","Probe Response, SN=3992, FN=0, Flags=........, BI=100, SSID=Zer0Trust-5G"
"198","370.275379","34:98:b5:69:4d:55","0a:04:1e:51:52:6f","802.11","500","Probe Response, SN=3994, FN=0, Flags=........, BI=100, SSID=Zer0Trust-5G"
"199","383.802055","34:98:b5:69:4d:53","90:48:6c:41:18:1a","802.11","135","QoS Data, SN=3, FN=0, Flags=.p....F."
"200","383.919617","34:98:b5:69:4d:55","82:9b:1b:e1:5d:cf","802.11","500","Probe Response, SN=72, FN=0, Flags=........, BI=100, SSID=Zer0Trust-5G"
"201","383.919996","34:98:b5:69:4d:55","82:9b:1b:e1:5d:cf","802.11","500","Probe Response, SN=73, FN=0, Flags=........, BI=100, SSID=Zer0Trust-5G"
"202","384.438512","Cisco_45:5e:af (00:a2:ee:45:5e:af) (TA)","d4:d8:53:4f:b6:ea (d4:d8:53:4f:b6:ea) (RA)","802.11","19","VHT/HE NDP Announcement, Flags=........"
"203","386.110814","Cisco_4b:6c:0f (00:a2:ee:4b:6c:0f) (TA)","38:fc:98:ff:99:c5 (38:fc:98:ff:99:c5) (RA)","802.11","19","VHT/HE NDP Announcement, Flags=........"
"204","386.562931","Cisco_66:0f:4f (00:a2:ee:66:0f:4f) (TA)","IntelCor_4f:5d:99 (04:ed:33:4f:5d:99) (RA)","802.11","19","VHT/HE NDP Announcement, Flags=........"
"205","386.746561","Cisco_66:0f:4e (00:a2:ee:66:0f:4e) (TA)","4c:d5:77:2c:09:35 (4c:d5:77:2c:09:35) (RA)","802.11","19","VHT/HE NDP Announcement, Flags=........"
"206","386.931410","Cisco_66:0f:4f (00:a2:ee:66:0f:4f) (TA)","04:cf:4b:b9:15:68 (04:cf:4b:b9:15:68) (RA)","802.11","19","VHT/HE NDP Announcement, Flags=........"
"207","387.558155","Cisco_10:a5:4f (00:6b:f1:10:a5:4f) (TA)","3c:e9:f7:b4:be:cd (3c:e9:f7:b4:be:cd) (RA)","802.11","19","VHT/HE NDP Announcement, Flags=........"
"208","388.707588","Cisco_4b:74:8f (00:a2:ee:4b:74:8f) (TA)","IntelCor_5f:9d:c1 (e4:b3:18:5f:9d:c1) (RA)","802.11","19","VHT/HE NDP Announcement, Flags=........"
"209","388.707829","Cisco_4b:74:8f (00:a2:ee:4b:74:8f) (TA)","IntelCor_ab:b1:43 (90:78:41:ab:b1:43) (RA)","802.11","19","VHT/HE NDP Announcement, Flags=........"
"210","388.708035","Cisco_4b:74:8f (00:a2:ee:4b:74:8f) (TA)","IntelCor_20:76:78 (60:f2:62:20:76:78) (RA)","802.11","19","VHT/HE NDP Announcement, Flags=........"
"211","388.719692","Cisco_4b:74:8f (00:a2:ee:4b:74:8f) (TA)","IntelCor_1a:44:8d (60:f2:62:1a:44:8d) (RA)","802.11","19","VHT/HE NDP Announcement, Flags=........"
"212","389.429628","Cisco_4b:74:8f (00:a2:ee:4b:74:8f) (TA)","IntelCor_ab:9f:0f (90:78:41:ab:9f:0f) (RA)","802.11","19","VHT/HE NDP Announcement, Flags=........"
"213","390.694267","Cisco_23:ae:4f (00:6b:f1:23:ae:4f) (TA)","IntelCor_24:f4:a0 (60:f2:62:24:f4:a0) (RA)","802.11","19","VHT/HE NDP Announcement, Flags=........"
"214","414.156294","34:98:b5:69:4d:55","90:48:6c:41:18:1a","802.11","33","Action, SN=471, FN=0, Flags=........"
"215","414.156790","90:48:6c:41:18:1a","34:98:b5:69:4d:55","802.11","33","Action, SN=58, FN=0, Flags=........"
"216","427.301671","34:98:b5:69:4d:55","82:9b:1b:e1:5d:cf","802.11","500","Probe Response, SN=626, FN=0, Flags=........, BI=100, SSID=Zer0Trust-5G"
"217","427.301812","34:98:b5:69:4d:55","82:9b:1b:e1:5d:cf","802.11","500","Probe Response, SN=627, FN=0, Flags=........, BI=100, SSID=Zer0Trust-5G"
"218","427.344735","34:98:b5:69:4d:55","Raspberr_39:9b:a4","802.11","500","Probe Response, SN=629, FN=0, Flags=........, BI=100, SSID=Zer0Trust-5G"
"219","427.347330","34:98:b5:69:4d:55","Raspberr_39:9b:a4","802.11","500","Probe Response, SN=630, FN=0, Flags=........, BI=100, SSID=Zer0Trust-5G"
"220","427.714128","Cisco_45:5e:af (00:a2:ee:45:5e:af) (TA)","d4:d8:53:4f:b6:ea (d4:d8:53:4f:b6:ea) (RA)","802.11","19","VHT/HE NDP Announcement, Flags=........"
"221","427.827067","Cisco_66:0f:40 (00:a2:ee:66:0f:40) (TA)","3c:e9:f7:b4:b3:97 (3c:e9:f7:b4:b3:97) (RA)","802.11","19","VHT/HE NDP Announcement, Flags=........"
"222","429.305519","Cisco_4b:6c:0f (00:a2:ee:4b:6c:0f) (TA)","38:fc:98:ff:99:c5 (38:fc:98:ff:99:c5) (RA)","802.11","19","VHT/HE NDP Announcement, Flags=........"
"223","429.513087","Cisco_66:0f:4f (00:a2:ee:66:0f:4f) (TA)","04:cf:4b:b9:15:68 (04:cf:4b:b9:15:68) (RA)","802.11","19","VHT/HE NDP Announcement, Flags=........"
"224","429.879137","Cisco_66:0f:4f (00:a2:ee:66:0f:4f) (TA)","IntelCor_4f:5d:99 (04:ed:33:4f:5d:99) (RA)","802.11","19","VHT/HE NDP Announcement, Flags=........"
"225","430.021890","Cisco_66:0f:4e (00:a2:ee:66:0f:4e) (TA)","4c:d5:77:2c:09:35 (4c:d5:77:2c:09:35) (RA)","802.11","19","VHT/HE NDP Announcement, Flags=........"
"226","431.321977","Cisco_6d:06:ce (00:6b:f1:6d:06:ce) (TA)","IntelCor_dd:74:c1 (44:85:00:dd:74:c1) (RA)","802.11","19","VHT/HE NDP Announcement, Flags=........"
"227","431.942715","Cisco_4b:74:8f (00:a2:ee:4b:74:8f) (TA)","IntelCor_ab:9f:0f (90:78:41:ab:9f:0f) (RA)","802.11","19","VHT/HE NDP Announcement, Flags=........"
"228","431.974375","Cisco_4b:74:8f (00:a2:ee:4b:74:8f) (TA)","IntelCor_5f:9d:c1 (e4:b3:18:5f:9d:c1) (RA)","802.11","19","VHT/HE NDP Announcement, Flags=........"
"229","431.994387","Cisco_4b:74:8f (00:a2:ee:4b:74:8f) (TA)","IntelCor_ab:b1:43 (90:78:41:ab:b1:43) (RA)","802.11","19","VHT/HE NDP Announcement, Flags=........"
"230","431.996793","Cisco_4b:74:8f (00:a2:ee:4b:74:8f) (TA)","IntelCor_20:76:78 (60:f2:62:20:76:78) (RA)","802.11","19","VHT/HE NDP Announcement, Flags=........"
"231","432.023830","Cisco_4b:74:8f (00:a2:ee:4b:74:8f) (TA)","IntelCor_1a:44:8d (60:f2:62:1a:44:8d) (RA)","802.11","19","VHT/HE NDP Announcement, Flags=........"
"232","433.981241","Cisco_23:ae:4f (00:6b:f1:23:ae:4f) (TA)","IntelCor_24:f4:a0 (60:f2:62:24:f4:a0) (RA)","802.11","19","VHT/HE NDP Announcement, Flags=........"
"233","434.782146","Swanncom_af:5b:e4","Broadcast","802.11","94","Data, SN=722, FN=0, Flags=.p....F."
"234","434.804494","34:98:b5:69:4d:55","Raspberr_39:9b:a4","802.11","500","Probe Response, SN=723, FN=0, Flags=........, BI=100, SSID=Zer0Trust-5G"
"235","434.829965","34:98:b5:69:4d:55","Raspberr_39:9b:a4","802.11","500","Probe Response, SN=724, FN=0, Flags=........, BI=100, SSID=Zer0Trust-5G"
"236","434.893549","34:98:b5:69:4d:55","52:18:4d:ed:92:f5","802.11","500","Probe Response, SN=726, FN=0, Flags=........, BI=100, SSID=Zer0Trust-5G"
"237","434.906716","34:98:b5:69:4d:55","52:18:4d:ed:92:f5","802.11","500","Probe Response, SN=727, FN=0, Flags=........, BI=100, SSID=Zer0Trust-5G"
"238","500.983541","34:98:b5:69:4d:55","82:9b:1b:e1:5d:cf","802.11","500","Probe Response, SN=1567, FN=0, Flags=........, BI=100, SSID=Zer0Trust-5G"
"239","500.984981","34:98:b5:69:4d:55","82:9b:1b:e1:5d:cf","802.11","500","Probe Response, SN=1568, FN=0, Flags=........, BI=100, SSID=Zer0Trust-5G"
"240","501.890309","Cisco_66:0f:40 (00:a2:ee:66:0f:40) (TA)","3c:e9:f7:b4:b3:97 (3c:e9:f7:b4:b3:97) (RA)","802.11","19","VHT/HE NDP Announcement, Flags=........"
"241","501.890562","Cisco_45:5e:af (00:a2:ee:45:5e:af) (TA)","d4:d8:53:4f:b6:ea (d4:d8:53:4f:b6:ea) (RA)","802.11","19","VHT/HE NDP Announcement, Flags=........"
"242","503.593876","Cisco_4b:6c:0e (00:a2:ee:4b:6c:0e) (TA)","36:f9:b9:03:b7:37 (36:f9:b9:03:b7:37) (RA)","802.11","19","VHT/HE NDP Announcement, Flags=........"
"243","503.603611","Cisco_4b:6c:0f (00:a2:ee:4b:6c:0f) (TA)","38:fc:98:ff:99:c5 (38:fc:98:ff:99:c5) (RA)","802.11","19","VHT/HE NDP Announcement, Flags=........"
"244","504.130350","Cisco_66:0f:4f (00:a2:ee:66:0f:4f) (TA)","IntelCor_4f:5d:99 (04:ed:33:4f:5d:99) (RA)","802.11","19","VHT/HE NDP Announcement, Flags=........"
"245","504.312145","Cisco_66:0f:4e (00:a2:ee:66:0f:4e) (TA)","4c:d5:77:2c:09:35 (4c:d5:77:2c:09:35) (RA)","802.11","19","VHT/HE NDP Announcement, Flags=........"
"246","504.413091","Cisco_66:0f:4f (00:a2:ee:66:0f:4f) (TA)","04:cf:4b:b9:15:68 (04:cf:4b:b9:15:68) (RA)","802.11","19","VHT/HE NDP Announcement, Flags=........"
"247","504.809991","Cisco_66:0f:4f (00:a2:ee:66:0f:4f) (TA)","IntelCor_4f:5d:99 (04:ed:33:4f:5d:99) (RA)","802.11","19","VHT/HE NDP Announcement, Flags=........"
"248","506.159072","Cisco_4b:74:8f (00:a2:ee:4b:74:8f) (TA)","IntelCor_ab:9f:0f (90:78:41:ab:9f:0f) (RA)","802.11","19","VHT/HE NDP Announcement, Flags=........"
"249","506.214158","Cisco_4b:74:8f (00:a2:ee:4b:74:8f) (TA)","IntelCor_5f:9d:c1 (e4:b3:18:5f:9d:c1) (RA)","802.11","19","VHT/HE NDP Announcement, Flags=........"
"250","506.215813","Cisco_4b:74:8f (00:a2:ee:4b:74:8f) (TA)","IntelCor_ab:b1:43 (90:78:41:ab:b1:43) (RA)","802.11","19","VHT/HE NDP Announcement, Flags=........"
"251","506.216013","Cisco_4b:74:8f (00:a2:ee:4b:74:8f) (TA)","IntelCor_20:76:78 (60:f2:62:20:76:78) (RA)","802.11","19","VHT/HE NDP Announcement, Flags=........"
"252","506.247972","Cisco_4b:74:8f (00:a2:ee:4b:74:8f) (TA)","IntelCor_1a:44:8d (60:f2:62:1a:44:8d) (RA)","802.11","19","VHT/HE NDP Announcement, Flags=........"
"253","506.914555","Cisco_4b:74:8f (00:a2:ee:4b:74:8f) (TA)","IntelCor_ab:9f:0f (90:78:41:ab:9f:0f) (RA)","802.11","19","VHT/HE NDP Announcement, Flags=........"
"254","506.955176","Cisco_4b:74:8f (00:a2:ee:4b:74:8f) (TA)","IntelCor_5f:9d:c1 (e4:b3:18:5f:9d:c1) (RA)","802.11","19","VHT/HE NDP Announcement, Flags=........"
"255","506.955555","Cisco_4b:74:8f (00:a2:ee:4b:74:8f) (TA)","IntelCor_ab:b1:43 (90:78:41:ab:b1:43) (RA)","802.11","19","VHT/HE NDP Announcement, Flags=........"
"256","506.967548","Cisco_4b:74:8f (00:a2:ee:4b:74:8f) (TA)","IntelCor_20:76:78 (60:f2:62:20:76:78) (RA)","802.11","19","VHT/HE NDP Announcement, Flags=........"
"257","508.176668","Cisco_23:ae:4f (00:6b:f1:23:ae:4f) (TA)","IntelCor_24:f4:a0 (60:f2:62:24:f4:a0) (RA)","802.11","19","VHT/HE NDP Announcement, Flags=........"
"258","509.351947","34:98:b5:69:4d:55","38:68:93:b9:30:ca","802.11","500","Probe Response, SN=1684, FN=0, Flags=........, BI=100, SSID=Zer0Trust-5G"
"259","509.561595","Ubiquiti_76:b3:d5","Spanning-tree-(for-bridges)_00","802.11","145","Data, SN=1687, FN=0, Flags=.p....F."
"260","509.562147","34:98:b5:69:4d:55","Raspberr_39:9b:a4","802.11","500","Probe Response, SN=1688, FN=0, Flags=........, BI=100, SSID=Zer0Trust-5G"
"261","509.571582","34:98:b5:69:4d:55","Raspberr_39:9b:a4","802.11","500","Probe Response, SN=1689, FN=0, Flags=........, BI=100, SSID=Zer0Trust-5G"
"262","509.740563","34:98:b5:69:4d:53","IPv4mcast_7f:ff:fa","802.11","371","Data, SN=1692, FN=0, Flags=.pm...F."
"263","509.740931","34:98:b5:69:4d:53","IPv4mcast_7f:ff:fa","802.11","362","Data, SN=1693, FN=0, Flags=.pm...F."
"264","509.749278","34:98:b5:69:4d:53","IPv4mcast_7f:ff:fa","802.11","414","Data, SN=1694, FN=0, Flags=.pm...F."
"265","509.763945","34:98:b5:69:4d:53","IPv4mcast_7f:ff:fa","802.11","426","Data, SN=1695, FN=0, Flags=.pm...F."
"266","509.764275","34:98:b5:69:4d:53","IPv4mcast_7f:ff:fa","802.11","428","Data, SN=1696, FN=0, Flags=.pm...F."
"267","509.764577","34:98:b5:69:4d:53","IPv4mcast_7f:ff:fa","802.11","442","Data, SN=1697, FN=0, Flags=.p....F."
"268","509.838181","Swanncom_af:5b:e4","Broadcast","802.11","94","Data, SN=1699, FN=0, Flags=.p....F."
"269","509.955265","34:98:b5:69:4d:53","IPv4mcast_7f:ff:fa","802.11","371","Data, SN=1701, FN=0, Flags=.pm...F."
"270","509.961196","34:98:b5:69:4d:53","IPv4mcast_7f:ff:fa","802.11","362","Data, SN=1702, FN=0, Flags=.pm...F."
"271","509.961676","34:98:b5:69:4d:53","IPv4mcast_7f:ff:fa","802.11","414","Data, SN=1703, FN=0, Flags=.pm...F."
"272","509.962137","34:98:b5:69:4d:53","IPv4mcast_7f:ff:fa","802.11","426","Data, SN=1704, FN=0, Flags=.pm...F."
"273","509.962597","34:98:b5:69:4d:53","IPv4mcast_7f:ff:fa","802.11","428","Data, SN=1705, FN=0, Flags=.pm...F."
"274","509.972525","34:98:b5:69:4d:53","IPv4mcast_7f:ff:fa","802.11","442","Data, SN=1706, FN=0, Flags=.p....F."
"275","560.463643","90:48:6c:41:18:1a","34:98:b5:69:4d:55","802.11","76","Probe Request, SN=52, FN=0, Flags=........, SSID=Zer0Trust-5G"
"276","560.467651","90:48:6c:41:18:1a","34:98:b5:69:4d:55","802.11","30","Authentication, SN=53, FN=0, Flags=........"
"277","560.467827","34:98:b5:69:4d:55","90:48:6c:41:18:1a","802.11","41","Authentication, SN=2424, FN=0, Flags=........"
"278","560.475693","90:48:6c:41:18:1a","34:98:b5:69:4d:55","802.11","130","Association Request, SN=54, FN=0, Flags=........, SSID=Zer0Trust-5G"
"279","560.475824","34:98:b5:69:4d:55","90:48:6c:41:18:1a","802.11","183","Association Response, SN=2425, FN=0, Flags=........"
"280","560.478636","34:98:b5:69:4d:55","90:48:6c:41:18:1a","802.11","33","Action, SN=2426, FN=0, Flags=........"
"281","560.478725","90:48:6c:41:18:1a","34:98:b5:69:4d:55","802.11","33","Action, SN=55, FN=0, Flags=........"
"282","560.478810","34:98:b5:69:4d:55 (34:98:b5:69:4d:55) (TA)","90:48:6c:41:18:1a (90:48:6c:41:18:1a) (RA)","802.11","20","802.11 Block Ack Req, Flags=........"
"283","560.484991","90:48:6c:41:18:1a","34:98:b5:69:4d:55","802.11","33","Action, SN=56, FN=0, Flags=........"
"284","560.485114","34:98:b5:69:4d:55","90:48:6c:41:18:1a","802.11","33","Action, SN=2427, FN=0, Flags=........"
"285","568.026715","34:98:b5:69:4d:55","90:48:6c:41:18:1a","802.11","33","Action, SN=2530, FN=0, Flags=........"
"286","568.026900","90:48:6c:41:18:1a","34:98:b5:69:4d:55","802.11","33","Action, SN=57, FN=0, Flags=........"
"287","591.145104","Swanncom_af:5b:e4","Broadcast","802.11","94","Data, SN=2839, FN=0, Flags=.p....F."
"288","591.183927","34:98:b5:69:4d:55","3e:73:4e:8e:ba:18","802.11","500","Probe Response, SN=2840, FN=0, Flags=........, BI=100, SSID=Zer0Trust-5G"
"289","591.206696","34:98:b5:69:4d:55","3e:73:4e:8e:ba:18","802.11","500","Probe Response, SN=2841, FN=0, Flags=........, BI=100, SSID=Zer0Trust-5G"
"290","591.234928","34:98:b5:69:4d:55","a6:67:d0:79:01:51","802.11","500","Probe Response, SN=2842, FN=0, Flags=........, BI=100, SSID=Zer0Trust-5G"
"291","591.235184","34:98:b5:69:4d:55","a6:67:d0:79:01:51","802.11","500","Probe Response, SN=2843, FN=0, Flags=........, BI=100, SSID=Zer0Trust-5G"
"292","591.827841","Cisco_66:0f:40 (00:a2:ee:66:0f:40) (TA)","3c:e9:f7:b4:b3:97 (3c:e9:f7:b4:b3:97) (RA)","802.11","19","VHT/HE NDP Announcement, Flags=........"
"293","591.882488","Cisco_45:5e:af (00:a2:ee:45:5e:af) (TA)","d4:d8:53:4f:b6:ea (d4:d8:53:4f:b6:ea) (RA)","802.11","19","VHT/HE NDP Announcement, Flags=........"
"294","592.830546","Cisco_4b:6c:0f (00:a2:ee:4b:6c:0f) (TA)","38:fc:98:ff:99:c5 (38:fc:98:ff:99:c5) (RA)","802.11","19","VHT/HE NDP Announcement, Flags=........"
"295","593.386776","Cisco_66:0f:4f (00:a2:ee:66:0f:4f) (TA)","IntelCor_4f:5d:99 (04:ed:33:4f:5d:99) (RA)","802.11","19","VHT/HE NDP Announcement, Flags=........"
"296","593.556040","Cisco_66:0f:4e (00:a2:ee:66:0f:4e) (TA)","4c:d5:77:2c:09:35 (4c:d5:77:2c:09:35) (RA)","802.11","19","VHT/HE NDP Announcement, Flags=........"
"297","594.811655","Cisco_4b:74:8f (00:a2:ee:4b:74:8f) (TA)","IntelCor_ab:9f:0f (90:78:41:ab:9f:0f) (RA)","802.11","19","VHT/HE NDP Announcement, Flags=........"
"298","594.845153","Cisco_4b:74:8f (00:a2:ee:4b:74:8f) (TA)","IntelCor_5f:9d:c1 (e4:b3:18:5f:9d:c1) (RA)","802.11","19","VHT/HE NDP Announcement, Flags=........"
"299","594.871149","Cisco_4b:74:8f (00:a2:ee:4b:74:8f) (TA)","IntelCor_ab:b1:43 (90:78:41:ab:b1:43) (RA)","802.11","19","VHT/HE NDP Announcement, Flags=........"
"300","594.871622","Cisco_4b:74:8f (00:a2:ee:4b:74:8f) (TA)","IntelCor_20:76:78 (60:f2:62:20:76:78) (RA)","802.11","19","VHT/HE NDP Announcement, Flags=........"
"301","594.886915","Cisco_4b:74:8f (00:a2:ee:4b:74:8f) (TA)","IntelCor_1a:44:8d (60:f2:62:1a:44:8d) (RA)","802.11","19","VHT/HE NDP Announcement, Flags=........"
"302","595.363987","Cisco_49:9d:2f (00:a2:ee:49:9d:2f) (TA)","IntelCor_21:80:77 (60:f2:62:21:80:77) (RA)","802.11","19","VHT/HE NDP Announcement, Flags=........"
"303","596.093561","Cisco_23:ae:4f (00:6b:f1:23:ae:4f) (TA)","IntelCor_24:f4:a0 (60:f2:62:24:f4:a0) (RA)","802.11","19","VHT/HE NDP Announcement, Flags=........"
"304","596.828985","34:98:b5:69:4d:55","b6:ec:f2:98:b7:6b","802.11","500","Probe Response, SN=2927, FN=0, Flags=....R..., BI=100, SSID=Zer0Trust-5G"
"305","596.852346","34:98:b5:69:4d:55","b6:ec:f2:98:b7:6b","802.11","500","Probe Response, SN=2928, FN=0, Flags=........, BI=100, SSID=Zer0Trust-5G"
"306","596.902971","34:98:b5:69:4d:55","8e:5a:90:a1:97:bc","802.11","500","Probe Response, SN=2930, FN=0, Flags=........, BI=100, SSID=Zer0Trust-5G"
"307","596.923972","34:98:b5:69:4d:55","8e:5a:90:a1:97:bc","802.11","500","Probe Response, SN=2931, FN=0, Flags=........, BI=100, SSID=Zer0Trust-5G"
"308","597.194907","Swanncom_af:5b:e4","Broadcast","802.11","94","Data, SN=2935, FN=0, Flags=.p....F."
"309","597.393504","Swanncom_af:5b:e4","Broadcast","802.11","94","Data, SN=2938, FN=0, Flags=.p....F."
"310","597.526645","46:89:46:89:1f:03","34:98:b5:69:4d:55","802.11","26","QoS Null function (No data), SN=158, FN=0, Flags=.......T"
"311","597.527068","34:98:b5:69:4d:55","46:89:46:89:1f:03","802.11","26","QoS Null function (No data), SN=2940, FN=0, Flags=......F."
"312","597.547384","Ubiquiti_76:b3:d5","Spanning-tree-(for-bridges)_00","802.11","145","Data, SN=2941, FN=0, Flags=.p....F."
"313","597.547717","46:89:46:89:1f:03","34:98:b5:69:4d:55","802.11","26","QoS Null function (No data), SN=159, FN=0, Flags=...P...T"
"314","597.572228","34:98:b5:69:4d:53","90:48:6c:41:18:1a","802.11","135","QoS Data, SN=3, FN=0, Flags=.p....F."
"315","602.812426","Cisco_66:0f:40 (00:a2:ee:66:0f:40) (TA)","3c:e9:f7:b4:b3:97 (3c:e9:f7:b4:b3:97) (RA)","802.11","19","VHT/HE NDP Announcement, Flags=........"
"316","602.918992","Cisco_45:5e:af (00:a2:ee:45:5e:af) (TA)","d4:d8:53:4f:b6:ea (d4:d8:53:4f:b6:ea) (RA)","802.11","19","VHT/HE NDP Announcement, Flags=........"
"317","604.376491","Cisco_66:0f:4f (00:a2:ee:66:0f:4f) (TA)","IntelCor_4f:5d:99 (04:ed:33:4f:5d:99) (RA)","802.11","19","VHT/HE NDP Announcement, Flags=........"
"318","604.527264","Cisco_66:0f:4e (00:a2:ee:66:0f:4e) (TA)","4c:d5:77:2c:09:35 (4c:d5:77:2c:09:35) (RA)","802.11","19","VHT/HE NDP Announcement, Flags=........"
"319","605.801945","Cisco_4b:74:8f (00:a2:ee:4b:74:8f) (TA)","IntelCor_ab:9f:0f (90:78:41:ab:9f:0f) (RA)","802.11","19","VHT/HE NDP Announcement, Flags=........"
"320","605.832398","Cisco_4b:74:8f (00:a2:ee:4b:74:8f) (TA)","IntelCor_5f:9d:c1 (e4:b3:18:5f:9d:c1) (RA)","802.11","19","VHT/HE NDP Announcement, Flags=........"
"321","605.858890","Cisco_4b:74:8f (00:a2:ee:4b:74:8f) (TA)","IntelCor_ab:b1:43 (90:78:41:ab:b1:43) (RA)","802.11","19","VHT/HE NDP Announcement, Flags=........"
"322","605.864079","Cisco_4b:74:8f (00:a2:ee:4b:74:8f) (TA)","IntelCor_20:76:78 (60:f2:62:20:76:78) (RA)","802.11","19","VHT/HE NDP Announcement, Flags=........"
"323","605.886016","Cisco_4b:74:8f (00:a2:ee:4b:74:8f) (TA)","IntelCor_1a:44:8d (60:f2:62:1a:44:8d) (RA)","802.11","19","VHT/HE NDP Announcement, Flags=........"
"324","607.070943","Cisco_23:ae:4f (00:6b:f1:23:ae:4f) (TA)","IntelCor_24:f4:a0 (60:f2:62:24:f4:a0) (RA)","802.11","19","VHT/HE NDP Announcement, Flags=........"
"325","607.554006","Ubiquiti_76:b3:d5","Spanning-tree-(for-bridges)_00","802.11","145","Data, SN=3069, FN=0, Flags=.p....F."
"326","607.882126","Swanncom_af:5b:e4","Broadcast","802.11","94","Data, SN=3073, FN=0, Flags=.p....F."
"327","612.878938","34:98:b5:69:4d:55","be:da:3c:f1:40:a0","802.11","500","Probe Response, SN=3131, FN=0, Flags=........, BI=100, SSID=Zer0Trust-5G"
"328","612.927192","34:98:b5:69:4d:55","4a:10:bc:37:5c:30","802.11","500","Probe Response, SN=3132, FN=0, Flags=........, BI=100, SSID=Zer0Trust-5G"
"329","613.174793","Cisco_45:5e:af (00:a2:ee:45:5e:af) (TA)","d4:d8:53:4f:b6:ea (d4:d8:53:4f:b6:ea) (RA)","802.11","19","VHT/HE NDP Announcement, Flags=........"
"330","614.676285","Cisco_66:0f:4f (00:a2:ee:66:0f:4f) (TA)","IntelCor_4f:5d:99 (04:ed:33:4f:5d:99) (RA)","802.11","19","VHT/HE NDP Announcement, Flags=........"
"331","614.822100","Cisco_66:0f:4e (00:a2:ee:66:0f:4e) (TA)","4c:d5:77:2c:09:35 (4c:d5:77:2c:09:35) (RA)","802.11","19","VHT/HE NDP Announcement, Flags=........"
"332","616.105836","Cisco_4b:74:8f (00:a2:ee:4b:74:8f) (TA)","IntelCor_ab:9f:0f (90:78:41:ab:9f:0f) (RA)","802.11","19","VHT/HE NDP Announcement, Flags=........"
"333","616.141795","Cisco_4b:74:8f (00:a2:ee:4b:74:8f) (TA)","IntelCor_5f:9d:c1 (e4:b3:18:5f:9d:c1) (RA)","802.11","19","VHT/HE NDP Announcement, Flags=........"
"334","616.165306","Cisco_4b:74:8f (00:a2:ee:4b:74:8f) (TA)","IntelCor_ab:b1:43 (90:78:41:ab:b1:43) (RA)","802.11","19","VHT/HE NDP Announcement, Flags=........"
"335","616.171008","Cisco_4b:74:8f (00:a2:ee:4b:74:8f) (TA)","IntelCor_20:76:78 (60:f2:62:20:76:78) (RA)","802.11","19","VHT/HE NDP Announcement, Flags=........"
"336","616.191959","Cisco_4b:74:8f (00:a2:ee:4b:74:8f) (TA)","IntelCor_1a:44:8d (60:f2:62:1a:44:8d) (RA)","802.11","19","VHT/HE NDP Announcement, Flags=........"
"337","617.427450","34:98:b5:69:4d:55","IntelCor_5b:d7:7c","802.11","500","Probe Response, SN=3189, FN=0, Flags=........, BI=100, SSID=Zer0Trust-5G"
"338","617.576029","Ubiquiti_76:b3:d5","Spanning-tree-(for-bridges)_00","802.11","145","Data, SN=3192, FN=0, Flags=.p....F."
"339","617.666596","Swanncom_af:5b:e4","Broadcast","802.11","94","Data, SN=3194, FN=0, Flags=.p....F."
"340","617.978618","34:98:b5:69:4d:53","90:48:6c:41:18:1a","802.11","135","QoS Data, SN=5, FN=0, Flags=.p....F."
"341","617.993207","46:89:46:89:1f:03","34:98:b5:69:4d:55","802.11","26","QoS Null function (No data), SN=160, FN=0, Flags=.......T"
"342","617.993555","34:98:b5:69:4d:55","46:89:46:89:1f:03","802.11","26","QoS Null function (No data), SN=3198, FN=0, Flags=......F."
"343","618.006295","46:89:46:89:1f:03","34:98:b5:69:4d:55","802.11","26","QoS Null function (No data), SN=161, FN=0, Flags=...P...T"
"344","629.229579","Cisco_4b:6c:0f (00:a2:ee:4b:6c:0f) (TA)","38:fc:98:ff:99:c5 (38:fc:98:ff:99:c5) (RA)","802.11","19","VHT/HE NDP Announcement, Flags=........"
"345","629.913149","Cisco_4b:6c:0f (00:a2:ee:4b:6c:0f) (TA)","38:fc:98:ff:99:c5 (38:fc:98:ff:99:c5) (RA)","802.11","19","VHT/HE NDP Announcement, Flags=........"
"346","630.598262","Cisco_4b:6c:0f (00:a2:ee:4b:6c:0f) (TA)","38:fc:98:ff:99:c5 (38:fc:98:ff:99:c5) (RA)","802.11","19","VHT/HE NDP Announcement, Flags=........"
"347","631.186542","Cisco_66:0f:4f (00:a2:ee:66:0f:4f) (TA)","IntelCor_4f:5d:99 (04:ed:33:4f:5d:99) (RA)","802.11","19","VHT/HE NDP Announcement, Flags=........"
"348","631.331787","Cisco_66:0f:4e (00:a2:ee:66:0f:4e) (TA)","4c:d5:77:2c:09:35 (4c:d5:77:2c:09:35) (RA)","802.11","19","VHT/HE NDP Announcement, Flags=........"
"349","631.524829","Cisco_66:0f:4f (00:a2:ee:66:0f:4f) (TA)","04:cf:4b:b9:15:68 (04:cf:4b:b9:15:68) (RA)","802.11","19","VHT/HE NDP Announcement, Flags=........"
"350","631.886608","Cisco_66:0f:4f (00:a2:ee:66:0f:4f) (TA)","IntelCor_4f:5d:99 (04:ed:33:4f:5d:99) (RA)","802.11","19","VHT/HE NDP Announcement, Flags=........"
"351","632.014210","Cisco_66:0f:4e (00:a2:ee:66:0f:4e) (TA)","4c:d5:77:2c:09:35 (4c:d5:77:2c:09:35) (RA)","802.11","19","VHT/HE NDP Announcement, Flags=........"
"352","632.212638","Cisco_66:0f:4f (00:a2:ee:66:0f:4f) (TA)","04:cf:4b:b9:15:68 (04:cf:4b:b9:15:68) (RA)","802.11","19","VHT/HE NDP Announcement, Flags=........"
"353","632.561426","Cisco_66:0f:4f (00:a2:ee:66:0f:4f) (TA)","IntelCor_4f:5d:99 (04:ed:33:4f:5d:99) (RA)","802.11","19","VHT/HE NDP Announcement, Flags=........"
"354","632.721678","Cisco_66:0f:4e (00:a2:ee:66:0f:4e) (TA)","4c:d5:77:2c:09:35 (4c:d5:77:2c:09:35) (RA)","802.11","19","VHT/HE NDP Announcement, Flags=........"
"355","632.896648","Cisco_66:0f:4f (00:a2:ee:66:0f:4f) (TA)","04:cf:4b:b9:15:68 (04:cf:4b:b9:15:68) (RA)","802.11","19","VHT/HE NDP Announcement, Flags=........"
"356","633.252728","Cisco_66:0f:4f (00:a2:ee:66:0f:4f) (TA)","IntelCor_4f:5d:99 (04:ed:33:4f:5d:99) (RA)","802.11","19","VHT/HE NDP Announcement, Flags=........"
"357","633.416506","Cisco_66:0f:4e (00:a2:ee:66:0f:4e) (TA)","4c:d5:77:2c:09:35 (4c:d5:77:2c:09:35) (RA)","802.11","19","VHT/HE NDP Announcement, Flags=........"
"358","634.573048","Cisco_6d:06:ce (00:6b:f1:6d:06:ce) (TA)","IntelCor_dd:74:c1 (44:85:00:dd:74:c1) (RA)","802.11","19","VHT/HE NDP Announcement, Flags=........"
"359","635.350056","Cisco_4b:74:8f (00:a2:ee:4b:74:8f) (TA)","IntelCor_ab:9f:0f (90:78:41:ab:9f:0f) (RA)","802.11","19","VHT/HE NDP Announcement, Flags=........"
"360","635.424332","Cisco_4b:74:8f (00:a2:ee:4b:74:8f) (TA)","IntelCor_5f:9d:c1 (e4:b3:18:5f:9d:c1) (RA)","802.11","19","VHT/HE NDP Announcement, Flags=........"
"361","635.433451","Cisco_4b:74:8f (00:a2:ee:4b:74:8f) (TA)","IntelCor_ab:b1:43 (90:78:41:ab:b1:43) (RA)","802.11","19","VHT/HE NDP Announcement, Flags=........"
"362","635.433752","Cisco_4b:74:8f (00:a2:ee:4b:74:8f) (TA)","IntelCor_20:76:78 (60:f2:62:20:76:78) (RA)","802.11","19","VHT/HE NDP Announcement, Flags=........"
"363","635.435835","Cisco_4b:74:8f (00:a2:ee:4b:74:8f) (TA)","IntelCor_1a:44:8d (60:f2:62:1a:44:8d) (RA)","802.11","19","VHT/HE NDP Announcement, Flags=........"
"364","636.626707","Cisco_23:ae:4f (00:6b:f1:23:ae:4f) (TA)","IntelCor_24:f4:a0 (60:f2:62:24:f4:a0) (RA)","802.11","19","VHT/HE NDP Announcement, Flags=........"
"365","637.029318","Swanncom_af:5b:e4","Broadcast","802.11","94","Data, SN=3454, FN=0, Flags=.p....F."
"366","637.532826","Ubiquiti_76:b3:d5","Spanning-tree-(for-bridges)_00","802.11","145","Data, SN=3460, FN=0, Flags=.p....F."
"367","643.346631","Cisco_66:0f:40 (00:a2:ee:66:0f:40) (TA)","3c:e9:f7:b4:b3:97 (3c:e9:f7:b4:b3:97) (RA)","802.11","19","VHT/HE NDP Announcement, Flags=........"
"368","643.406271","Cisco_45:5e:ae (00:a2:ee:45:5e:ae) (TA)","12:d6:aa:85:9f:8f (12:d6:aa:85:9f:8f) (RA)","802.11","19","VHT/HE NDP Announcement, Flags=........"
"369","644.331824","Cisco_4b:6c:0f (00:a2:ee:4b:6c:0f) (TA)","38:fc:98:ff:99:c5 (38:fc:98:ff:99:c5) (RA)","802.11","19","VHT/HE NDP Announcement, Flags=........"
"370","644.382907","Cisco_66:0f:4e (00:a2:ee:66:0f:4e) (TA)","4c:d5:77:2c:09:35 (4c:d5:77:2c:09:35) (RA)","802.11","19","VHT/HE NDP Announcement, Flags=........"
"371","644.579273","Cisco_66:0f:4f (00:a2:ee:66:0f:4f) (TA)","04:cf:4b:b9:15:68 (04:cf:4b:b9:15:68) (RA)","802.11","19","VHT/HE NDP Announcement, Flags=........"
"372","644.598120","Cisco_66:0f:4e (00:a2:ee:66:0f:4e) (TA)","36:f9:b9:03:b7:37 (36:f9:b9:03:b7:37) (RA)","802.11","19","VHT/HE NDP Announcement, Flags=........"
"373","645.667355","Cisco_4b:74:8f (00:a2:ee:4b:74:8f) (TA)","IntelCor_ab:9f:0f (90:78:41:ab:9f:0f) (RA)","802.11","19","VHT/HE NDP Announcement, Flags=........"
"374","645.692064","Cisco_4b:74:8f (00:a2:ee:4b:74:8f) (TA)","IntelCor_5f:9d:c1 (e4:b3:18:5f:9d:c1) (RA)","802.11","19","VHT/HE NDP Announcement, Flags=........"
"375","645.705850","Cisco_4b:74:8f (00:a2:ee:4b:74:8f) (TA)","IntelCor_ab:b1:43 (90:78:41:ab:b1:43) (RA)","802.11","19","VHT/HE NDP Announcement, Flags=........"
"376","645.714256","Cisco_4b:74:8f (00:a2:ee:4b:74:8f) (TA)","IntelCor_20:76:78 (60:f2:62:20:76:78) (RA)","802.11","19","VHT/HE NDP Announcement, Flags=........"
"377","645.738703","Cisco_4b:74:8f (00:a2:ee:4b:74:8f) (TA)","IntelCor_1a:44:8d (60:f2:62:1a:44:8d) (RA)","802.11","19","VHT/HE NDP Announcement, Flags=........"
"378","646.161678","Cisco_49:9d:2f (00:a2:ee:49:9d:2f) (TA)","IntelCor_21:80:77 (60:f2:62:21:80:77) (RA)","802.11","19","VHT/HE NDP Announcement, Flags=........"
"379","646.306054","Cisco_49:9d:2f (00:a2:ee:49:9d:2f) (TA)","74:04:f1:5a:c0:53 (74:04:f1:5a:c0:53) (RA)","802.11","19","VHT/HE NDP Announcement, Flags=........"
"380","646.930455","Cisco_23:ae:4f (00:6b:f1:23:ae:4f) (TA)","IntelCor_24:f4:a0 (60:f2:62:24:f4:a0) (RA)","802.11","19","VHT/HE NDP Announcement, Flags=........"
"381","647.364316","Swanncom_af:5b:e4","Broadcast","802.11","94","Data, SN=3589, FN=0, Flags=.p....F."
"382","647.576262","Ubiquiti_76:b3:d5","Spanning-tree-(for-bridges)_00","802.11","145","Data, SN=3592, FN=0, Flags=.p....F."
"383","648.138111","34:98:b5:69:4d:55","8a:db:c8:90:3c:6c","802.11","500","Probe Response, SN=3598, FN=0, Flags=........, BI=100, SSID=Zer0Trust-5G"
"384","654.533099","Cisco_66:0f:4f (00:a2:ee:66:0f:4f) (TA)","IntelCor_4f:5d:99 (04:ed:33:4f:5d:99) (RA)","802.11","19","VHT/HE NDP Announcement, Flags=........"
"385","654.679009","Cisco_66:0f:4e (00:a2:ee:66:0f:4e) (TA)","4c:d5:77:2c:09:35 (4c:d5:77:2c:09:35) (RA)","802.11","19","VHT/HE NDP Announcement, Flags=........"
"386","655.962753","Cisco_4b:74:8f (00:a2:ee:4b:74:8f) (TA)","IntelCor_ab:9f:0f (90:78:41:ab:9f:0f) (RA)","802.11","19","VHT/HE NDP Announcement, Flags=........"
"387","655.999284","Cisco_4b:74:8f (00:a2:ee:4b:74:8f) (TA)","IntelCor_5f:9d:c1 (e4:b3:18:5f:9d:c1) (RA)","802.11","19","VHT/HE NDP Announcement, Flags=........"
"388","656.023154","Cisco_4b:74:8f (00:a2:ee:4b:74:8f) (TA)","IntelCor_ab:b1:43 (90:78:41:ab:b1:43) (RA)","802.11","19","VHT/HE NDP Announcement, Flags=........"
"389","656.029438","Cisco_4b:74:8f (00:a2:ee:4b:74:8f) (TA)","IntelCor_20:76:78 (60:f2:62:20:76:78) (RA)","802.11","19","VHT/HE NDP Announcement, Flags=........"
"390","656.051304","Cisco_4b:74:8f (00:a2:ee:4b:74:8f) (TA)","IntelCor_1a:44:8d (60:f2:62:1a:44:8d) (RA)","802.11","19","VHT/HE NDP Announcement, Flags=........"
"391","656.572563","Cisco_49:9d:2f (00:a2:ee:49:9d:2f) (TA)","IntelCor_21:80:77 (60:f2:62:21:80:77) (RA)","802.11","19","VHT/HE NDP Announcement, Flags=........"
"392","656.708481","Cisco_49:9d:2f (00:a2:ee:49:9d:2f) (TA)","74:04:f1:5a:c0:53 (74:04:f1:5a:c0:53) (RA)","802.11","19","VHT/HE NDP Announcement, Flags=........"
"393","657.920165","Cisco_23:ae:4f (00:6b:f1:23:ae:4f) (TA)","IntelCor_24:f4:a0 (60:f2:62:24:f4:a0) (RA)","802.11","19","VHT/HE NDP Announcement, Flags=........"
"394","658.925881","34:98:b5:69:4d:55","68:3a:48:2e:9e:31","802.11","500","Probe Response, SN=3727, FN=0, Flags=........, BI=100, SSID=Zer0Trust-5G"
"395","658.928768","34:98:b5:69:4d:55","68:3a:48:2e:9e:31","802.11","500","Probe Response, SN=3728, FN=0, Flags=........, BI=100, SSID=Zer0Trust-5G"
"396","658.974611","46:89:46:89:1f:03","34:98:b5:69:4d:55","802.11","26","QoS Null function (No data), SN=164, FN=0, Flags=.......T"
"397","658.992753","34:98:b5:69:4d:55","46:89:46:89:1f:03","802.11","26","QoS Null function (No data), SN=3730, FN=0, Flags=......F."
"398","659.002552","46:89:46:89:1f:03","34:98:b5:69:4d:55","802.11","26","QoS Null function (No data), SN=165, FN=0, Flags=...P...T"
"399","659.063167","34:98:b5:69:4d:55","Raspberr_39:9b:a4","802.11","500","Probe Response, SN=3732, FN=0, Flags=........, BI=100, SSID=Zer0Trust-5G"
"400","659.083507","34:98:b5:69:4d:55","Raspberr_39:9b:a4","802.11","500","Probe Response, SN=3733, FN=0, Flags=........, BI=100, SSID=Zer0Trust-5G"
"401","662.534874","34:98:b5:69:4d:55","e4:5f:01:9c:9e:b5","802.11","500","Probe Response, SN=3737, FN=0, Flags=........, BI=100, SSID=Zer0Trust-5G"
"402","662.550637","34:98:b5:69:4d:55","e4:5f:01:9c:9e:b5","802.11","500","Probe Response, SN=3738, FN=0, Flags=........, BI=100, SSID=Zer0Trust-5G"
"403","662.583155","Ubiquiti_76:b3:d5","Spanning-tree-(for-bridges)_00","802.11","145","Data, SN=3741, FN=0, Flags=.p....F."
"404","662.602739","Swanncom_af:5b:e4","Broadcast","802.11","94","Data, SN=3745, FN=0, Flags=.p....F."
"405","662.604651","Cisco_0f:2b:23","IPv4mcast_fb","802.11","393","Data, SN=3753, FN=0, Flags=.p....F."
"406","662.607382","Ubiquiti_76:b3:d5","Spanning-tree-(for-bridges)_00","802.11","145","Data, SN=3764, FN=0, Flags=.p....F."
"407","662.608379","34:98:b5:69:4d:55","c6:32:c9:2e:0c:e4","802.11","500","Probe Response, SN=3767, FN=0, Flags=........, BI=100, SSID=Zer0Trust-5G"
"408","662.608726","34:98:b5:69:4d:55","c6:32:c9:2e:0c:e4","802.11","500","Probe Response, SN=3768, FN=0, Flags=........, BI=100, SSID=Zer0Trust-5G"
"409","662.609315","Swanncom_af:5b:e4","Broadcast","802.11","94","Data, SN=3771, FN=0, Flags=.p....F."
"410","662.610961","34:98:b5:69:4d:55","52:5d:1d:40:0c:c4","802.11","500","Probe Response, SN=3776, FN=0, Flags=........, BI=100, SSID=Zer0Trust-5G"
"411","662.611309","34:98:b5:69:4d:55","52:5d:1d:40:0c:c4","802.11","500","Probe Response, SN=3777, FN=0, Flags=........, BI=100, SSID=Zer0Trust-5G"
"412","662.611550","Swanncom_af:5b:e4","Broadcast","802.11","94","Data, SN=3779, FN=0, Flags=.p....F."
"413","663.547101","Ubiquiti_76:b3:d5","Spanning-tree-(for-bridges)_00","802.11","145","Data, SN=3790, FN=0, Flags=.p....F."
"414","663.716425","34:98:b5:69:4d:55","IntelCor_40:fe:bb","802.11","500","Probe Response, SN=3792, FN=0, Flags=........, BI=100, SSID=Zer0Trust-5G"
"415","664.054856","Swanncom_af:5b:e4","Broadcast","802.11","94","Data, SN=3797, FN=0, Flags=.p....F."
"416","664.159593","RingSolu_83:a8:d9","Broadcast","802.11","376","Data, SN=3799, FN=0, Flags=.pm...F."
"417","664.177976","RingSolu_83:a8:d9","Broadcast","802.11","376","Data, SN=3800, FN=0, Flags=.p....F."
"418","664.376845","RingSolu_83:a8:d9","Broadcast","802.11","94","Data, SN=3803, FN=0, Flags=.p....F."
"419","674.464328","Cisco_66:0f:4f (00:a2:ee:66:0f:4f) (TA)","IntelCor_4f:5d:99 (04:ed:33:4f:5d:99) (RA)","802.11","19","VHT/HE NDP Announcement, Flags=........"
"420","674.609359","Cisco_66:0f:4e (00:a2:ee:66:0f:4e) (TA)","4c:d5:77:2c:09:35 (4c:d5:77:2c:09:35) (RA)","802.11","19","VHT/HE NDP Announcement, Flags=........"
"421","674.839296","Cisco_66:0f:4f (00:a2:ee:66:0f:4f) (TA)","04:cf:4b:b9:15:68 (04:cf:4b:b9:15:68) (RA)","802.11","19","VHT/HE NDP Announcement, Flags=........"
"422","675.786410","Cisco_6d:06:ce (00:6b:f1:6d:06:ce) (TA)","IntelCor_dd:74:c1 (44:85:00:dd:74:c1) (RA)","802.11","19","VHT/HE NDP Announcement, Flags=........"
"423","676.567520","Cisco_49:9d:2f (00:a2:ee:49:9d:2f) (TA)","74:04:f1:5a:c0:53 (74:04:f1:5a:c0:53) (RA)","802.11","19","VHT/HE NDP Announcement, Flags=........"
"424","678.328572","34:98:b5:69:4d:55","4a:f1:90:a8:21:51","802.11","500","Probe Response, SN=3982, FN=0, Flags=........, BI=100, SSID=Zer0Trust-5G"
"425","678.354047","34:98:b5:69:4d:55","4a:f1:90:a8:21:51","802.11","500","Probe Response, SN=3983, FN=0, Flags=........, BI=100, SSID=Zer0Trust-5G"
"426","678.396353","34:98:b5:69:4d:55","HonHaiPr_6f:b0:0d","802.11","500","Probe Response, SN=3985, FN=0, Flags=........, BI=100, SSID=Zer0Trust-5G"
"427","678.599199","Swanncom_af:5b:e4","Broadcast","802.11","94","Data, SN=3988, FN=0, Flags=.p....F."
"428","689.551769","Ubiquiti_76:b3:d5","Spanning-tree-(for-bridges)_00","802.11","145","Data, SN=36, FN=0, Flags=.p....F."
"429","690.113400","Cisco_45:5e:af (00:a2:ee:45:5e:af) (TA)","d4:d8:53:4f:b6:ea (d4:d8:53:4f:b6:ea) (RA)","802.11","19","VHT/HE NDP Announcement, Flags=........"
"430","690.942127","Cisco_66:0f:4f (00:a2:ee:66:0f:4f) (TA)","IntelCor_4f:5d:99 (04:ed:33:4f:5d:99) (RA)","802.11","19","VHT/HE NDP Announcement, Flags=........"
"431","691.087329","Cisco_66:0f:4e (00:a2:ee:66:0f:4e) (TA)","4c:d5:77:2c:09:35 (4c:d5:77:2c:09:35) (RA)","802.11","19","VHT/HE NDP Announcement, Flags=........"
"432","691.541414","Cisco_6d:06:ce (00:6b:f1:6d:06:ce) (TA)","76:b5:b0:72:2f:59 (76:b5:b0:72:2f:59) (RA)","802.11","19","VHT/HE NDP Announcement, Flags=........"
"433","692.372297","Cisco_4b:74:8f (00:a2:ee:4b:74:8f) (TA)","IntelCor_ab:9f:0f (90:78:41:ab:9f:0f) (RA)","802.11","19","VHT/HE NDP Announcement, Flags=........"
"434","692.416512","Cisco_4b:74:8f (00:a2:ee:4b:74:8f) (TA)","IntelCor_5f:9d:c1 (e4:b3:18:5f:9d:c1) (RA)","802.11","19","VHT/HE NDP Announcement, Flags=........"
"435","692.466198","Cisco_4b:74:8f (00:a2:ee:4b:74:8f) (TA)","IntelCor_ab:b1:43 (90:78:41:ab:b1:43) (RA)","802.11","19","VHT/HE NDP Announcement, Flags=........"
"436","692.484159","Cisco_4b:74:8f (00:a2:ee:4b:74:8f) (TA)","IntelCor_20:76:78 (60:f2:62:20:76:78) (RA)","802.11","19","VHT/HE NDP Announcement, Flags=........"
"437","692.502478","Cisco_4b:74:8f (00:a2:ee:4b:74:8f) (TA)","IntelCor_1a:44:8d (60:f2:62:1a:44:8d) (RA)","802.11","19","VHT/HE NDP Announcement, Flags=........"
"438","692.917400","Cisco_49:9d:2f (00:a2:ee:49:9d:2f) (TA)","IntelCor_21:80:77 (60:f2:62:21:80:77) (RA)","802.11","19","VHT/HE NDP Announcement, Flags=........"
"439","693.044059","Cisco_49:9d:2e (00:a2:ee:49:9d:2e) (TA)","12:d6:aa:85:9f:8f (12:d6:aa:85:9f:8f) (RA)","802.11","19","VHT/HE NDP Announcement, Flags=........"
"440","693.076118","Cisco_49:9d:2f (00:a2:ee:49:9d:2f) (TA)","74:04:f1:5a:c0:53 (74:04:f1:5a:c0:53) (RA)","802.11","19","VHT/HE NDP Announcement, Flags=........"
"441","695.022453","Cisco_23:ae:4f (00:6b:f1:23:ae:4f) (TA)","IntelCor_24:f4:a0 (60:f2:62:24:f4:a0) (RA)","802.11","19","VHT/HE NDP Announcement, Flags=........"
"442","696.352967","34:98:b5:69:4d:55","IntelCor_0d:ab:10","802.11","500","Probe Response, SN=132, FN=0, Flags=........, BI=100, SSID=Zer0Trust-5G"
"443","696.438976","34:98:b5:69:4d:55","Raspberr_39:9b:a4","802.11","500","Probe Response, SN=134, FN=0, Flags=........, BI=100, SSID=Zer0Trust-5G"
"444","696.452779","34:98:b5:69:4d:55","Raspberr_39:9b:a4","802.11","500","Probe Response, SN=135, FN=0, Flags=........, BI=100, SSID=Zer0Trust-5G"
"445","705.196094","Cisco_66:0f:40 (00:a2:ee:66:0f:40) (TA)","3c:e9:f7:b4:b3:97 (3c:e9:f7:b4:b3:97) (RA)","802.11","19","VHT/HE NDP Announcement, Flags=........"
"446","706.824837","Cisco_4b:6c:0f (00:a2:ee:4b:6c:0f) (TA)","38:fc:98:ff:99:c5 (38:fc:98:ff:99:c5) (RA)","802.11","19","VHT/HE NDP Announcement, Flags=........"
"447","707.421179","Cisco_66:0f:4f (00:a2:ee:66:0f:4f) (TA)","IntelCor_4f:5d:99 (04:ed:33:4f:5d:99) (RA)","802.11","19","VHT/HE NDP Announcement, Flags=........"
"448","707.569811","Cisco_66:0f:4e (00:a2:ee:66:0f:4e) (TA)","4c:d5:77:2c:09:35 (4c:d5:77:2c:09:35) (RA)","802.11","19","VHT/HE NDP Announcement, Flags=........"
"449","708.750946","Cisco_6d:06:ce (00:6b:f1:6d:06:ce) (TA)","IntelCor_dd:74:c1 (44:85:00:dd:74:c1) (RA)","802.11","19","VHT/HE NDP Announcement, Flags=........"
"450","708.891609","Cisco_4b:74:8f (00:a2:ee:4b:74:8f) (TA)","IntelCor_ab:9f:0f (90:78:41:ab:9f:0f) (RA)","802.11","19","VHT/HE NDP Announcement, Flags=........"
"451","708.917224","Cisco_4b:74:8f (00:a2:ee:4b:74:8f) (TA)","IntelCor_5f:9d:c1 (e4:b3:18:5f:9d:c1) (RA)","802.11","19","VHT/HE NDP Announcement, Flags=........"
"452","708.942081","Cisco_4b:74:8f (00:a2:ee:4b:74:8f) (TA)","IntelCor_ab:b1:43 (90:78:41:ab:b1:43) (RA)","802.11","19","VHT/HE NDP Announcement, Flags=........"
"453","708.946011","Cisco_4b:74:8f (00:a2:ee:4b:74:8f) (TA)","IntelCor_20:76:78 (60:f2:62:20:76:78) (RA)","802.11","19","VHT/HE NDP Announcement, Flags=........"
"454","708.973467","Cisco_4b:74:8f (00:a2:ee:4b:74:8f) (TA)","IntelCor_1a:44:8d (60:f2:62:1a:44:8d) (RA)","802.11","19","VHT/HE NDP Announcement, Flags=........"
"455","709.616988","Cisco_4b:74:8f (00:a2:ee:4b:74:8f) (TA)","IntelCor_ab:9f:0f (90:78:41:ab:9f:0f) (RA)","802.11","19","VHT/HE NDP Announcement, Flags=........"
"456","709.684468","Cisco_4b:74:8f (00:a2:ee:4b:74:8f) (TA)","IntelCor_5f:9d:c1 (e4:b3:18:5f:9d:c1) (RA)","802.11","19","VHT/HE NDP Announcement, Flags=........"
"457","710.834662","Cisco_23:ae:4f (00:6b:f1:23:ae:4f) (TA)","IntelCor_24:f4:a0 (60:f2:62:24:f4:a0) (RA)","802.11","19","VHT/HE NDP Announcement, Flags=........"
"458","711.960669","34:98:b5:69:4d:55","f4:46:37:36:6f:91","802.11","500","Probe Response, SN=325, FN=0, Flags=........, BI=100, SSID=Zer0Trust-5G"
"459","711.968807","34:98:b5:69:4d:55","f4:46:37:36:6f:91","802.11","500","Probe Response, SN=325, FN=0, Flags=....R..., BI=100, SSID=Zer0Trust-5G"
"460","711.970096","34:98:b5:69:4d:55","f4:46:37:36:6f:91","802.11","500","Probe Response, SN=325, FN=0, Flags=....R..., BI=100, SSID=Zer0Trust-5G"
"461","711.970369","34:98:b5:69:4d:55","f4:46:37:36:6f:91","802.11","500","Probe Response, SN=325, FN=0, Flags=....R..., BI=100, SSID=Zer0Trust-5G"
"462","711.979792","Swanncom_af:5b:e4","Broadcast","802.11","94","Data, SN=327, FN=0, Flags=.p....F."
"463","740.464598","34:98:b5:69:4d:55","a6:67:d0:79:01:51","802.11","500","Probe Response, SN=695, FN=0, Flags=........, BI=100, SSID=Zer0Trust-5G"
"464","740.464806","34:98:b5:69:4d:55","a6:67:d0:79:01:51","802.11","500","Probe Response, SN=696, FN=0, Flags=........, BI=100, SSID=Zer0Trust-5G"
"465","740.938860","Cisco_45:5e:af (00:a2:ee:45:5e:af) (TA)","d4:d8:53:4f:b6:ea (d4:d8:53:4f:b6:ea) (RA)","802.11","19","VHT/HE NDP Announcement, Flags=........"
"466","741.603714","Cisco_66:0f:40 (00:a2:ee:66:0f:40) (TA)","3c:e9:f7:b4:b3:97 (3c:e9:f7:b4:b3:97) (RA)","802.11","19","VHT/HE NDP Announcement, Flags=........"
"467","741.643037","Cisco_45:5e:af (00:a2:ee:45:5e:af) (TA)","d4:d8:53:4f:b6:ea (d4:d8:53:4f:b6:ea) (RA)","802.11","19","VHT/HE NDP Announcement, Flags=........"
"468","742.569073","Cisco_4b:6c:0f (00:a2:ee:4b:6c:0f) (TA)","38:fc:98:ff:99:c5 (38:fc:98:ff:99:c5) (RA)","802.11","19","VHT/HE NDP Announcement, Flags=........"
"469","743.158796","Cisco_66:0f:4f (00:a2:ee:66:0f:4f) (TA)","IntelCor_4f:5d:99 (04:ed:33:4f:5d:99) (RA)","802.11","19","VHT/HE NDP Announcement, Flags=........"
"470","743.370581","Cisco_66:0f:4e (00:a2:ee:66:0f:4e) (TA)","4c:d5:77:2c:09:35 (4c:d5:77:2c:09:35) (RA)","802.11","19","VHT/HE NDP Announcement, Flags=........"
"471","744.469982","Cisco_6d:06:ce (00:6b:f1:6d:06:ce) (TA)","IntelCor_dd:74:c1 (44:85:00:dd:74:c1) (RA)","802.11","19","VHT/HE NDP Announcement, Flags=........"
"472","745.298269","Cisco_4b:74:8f (00:a2:ee:4b:74:8f) (TA)","IntelCor_ab:9f:0f (90:78:41:ab:9f:0f) (RA)","802.11","19","VHT/HE NDP Announcement, Flags=........"
"473","745.332508","Cisco_4b:74:8f (00:a2:ee:4b:74:8f) (TA)","IntelCor_5f:9d:c1 (e4:b3:18:5f:9d:c1) (RA)","802.11","19","VHT/HE NDP Announcement, Flags=........"
"474","745.376824","Cisco_4b:74:8f (00:a2:ee:4b:74:8f) (TA)","IntelCor_ab:b1:43 (90:78:41:ab:b1:43) (RA)","802.11","19","VHT/HE NDP Announcement, Flags=........"
"475","745.386312","Cisco_4b:74:8f (00:a2:ee:4b:74:8f) (TA)","IntelCor_20:76:78 (60:f2:62:20:76:78) (RA)","802.11","19","VHT/HE NDP Announcement, Flags=........"
"476","745.397043","Cisco_4b:74:8f (00:a2:ee:4b:74:8f) (TA)","IntelCor_1a:44:8d (60:f2:62:1a:44:8d) (RA)","802.11","19","VHT/HE NDP Announcement, Flags=........"
"477","745.816177","Cisco_49:9d:2f (00:a2:ee:49:9d:2f) (TA)","IntelCor_21:80:77 (60:f2:62:21:80:77) (RA)","802.11","19","VHT/HE NDP Announcement, Flags=........"
"478","746.623353","Cisco_23:ae:4f (00:6b:f1:23:ae:4f) (TA)","IntelCor_24:f4:a0 (60:f2:62:24:f4:a0) (RA)","802.11","19","VHT/HE NDP Announcement, Flags=........"
"479","747.408444","Swanncom_af:5b:e4","Broadcast","802.11","94","Data, SN=792, FN=0, Flags=.p....F."
"480","747.613893","Ubiquiti_76:b3:d5","Spanning-tree-(for-bridges)_00","802.11","145","Data, SN=795, FN=0, Flags=.p....F."
"481","748.004394","34:98:b5:69:4d:55","f2:54:5f:1b:3e:77","802.11","500","Probe Response, SN=799, FN=0, Flags=........, BI=100, SSID=Zer0Trust-5G"
